Site Identification  ,Plot,Day,Month,Year,Tree Identification Number,Number of Stems,Tree Species,DBH  (cm),Tree Condition
Identification du site,Parcelle,Jour,Mois,Année,Numéro d'identification de l'arbre ,Nombre de tiges,Espèce d'arbre,DHP (cm),État de l'arbre
BD,A,31,8,2004,1,1,TSCA,16.3,AS
BD,A,31,8,2004,2,1,TSCA,24,AS
BD,A,31,8,2004,3,1,TSCA,76.5,DS
BD,A,31,8,2004,4,1,ACRU,38.5,DL
BD,A,31,8,2004,5,1,TSCA,63.2,DF
BD,A,31,8,2004,6,1,TSCA,29.8,AS
BD,A,31,8,2004,7,1,ACRU,29,AS
BD,A,31,8,2004,8,1,TSCA,15.5,AS
BD,A,31,8,2004,9,1,TSCA,32,AS
BD,A,31,8,2004,10,1,TSCA,11.3,AL
BD,A,31,8,2004,11,1,TSCA,44.8,AS
BD,A,31,8,2004,12,1,TSCA,17.2,AL
BD,A,31,8,2004,13,1,TSCA,70.5,AS
BD,A,31,8,2004,14,1,TSCA,31.7,AS
BD,A,31,8,2004,15,1,ACRU,42.9,AS
BD,A,31,8,2004,16,1,ACRU,18,AS
BD,A,31,8,2004,17,1,TSCA,46,AS
BD,A,31,8,2004,18,1,TSCA,19.5,AS
BD,A,31,8,2004,19,1,TSCA,11.6,DS
BD,A,31,8,2004,20,1,TSCA,38,AS
BD,A,31,8,2004,21,1,TSCA,12.3,DF
BD,A,31,8,2004,22,1,TSCA,10.1,AS
BD,A,31,8,2004,23,1,TSCA,9.2,AS
BD,A,31,8,2004,24,1,BEPA,24.7,DS
BD,A,31,8,2004,25,1,TSCA,9.9,AS
BD,A,31,8,2004,26,1,TSCA,47.7,AS
BD,A,31,8,2004,27,1,TSCA,28,AS
BD,A,31,8,2004,28,1,TSCA,8.8,AS
BD,B,26,8,2004,1,1,ACRU,32.5,AS
BD,B,26,8,2004,2,1,TSCA,9.8,DS
BD,B,26,8,2004,3,1,PIRU,9.1,AS
BD,B,26,8,2004,4,1,ACRU,29.8,AS
BD,B,26,8,2004,5,1,TSCA,10.2,AS
BD,B,26,8,2004,6,1,TSCA,9.8,AS
BD,B,26,8,2004,7,1,PIRU,15.3,AS
BD,B,26,8,2004,8,1,TSCA,12.4,AS
BD,B,26,8,2004,9,1,TSCA,9,AS
BD,B,26,8,2004,10,1,PIRU,20.1,AS
BD,B,26,8,2004,11,1,ABBA,9,AS
BD,B,26,8,2004,12,1,PIRU,14.3,DS
BD,B,26,8,2004,13,1,TSCA,9,AS
BD,B,26,8,2004,14,1,ACRU,33,AS
BD,B,26,8,2004,15,1,TSCA,12.4,AS
BD,B,26,8,2004,16,1,TSCA,9,AS
BD,B,26,8,2004,17,1,TSCA,9.3,AS
BD,B,26,8,2004,18,1,TSCA,9,AS
BD,B,26,8,2004,19,1,ACRU,19,DS
BD,B,26,8,2004,20,1,TSCA,9.3,AS
BD,B,26,8,2004,21,1,PIRU,24.8,DS
BD,B,26,8,2004,22,1,TSCA,60,AS
BD,B,26,8,2004,23,1,TSCA,52,AS
BD,B,26,8,2004,24,1,PIRU,25,AS
BD,B,26,8,2004,25,1,ACRU,33.8,AS
BD,B,26,8,2004,26,1,TSCA,31.7,AS
BD,B,26,8,2004,27,1,PIST,80.55,AS
CFR,A,16,8,2004,1,1,PIRU,15,AS
CFR,A,16,8,2004,2,1,PIRU,16.35,AS
CFR,A,16,8,2004,3,1,PIRU,13.8,AS
CFR,A,16,8,2004,4,1,PIRU,22.8,AS
CFR,A,16,8,2004,5,1,PIRU,12.8,AS
CFR,A,16,8,2004,6,1,PIRU,12,AS
CFR,A,16,8,2004,7,1,PIRU,8.9,AS
CFR,A,16,8,2004,8,1,PIRU,9.2,AS
CFR,A,16,8,2004,9,1,TSCA,38.4,AS
CFR,A,16,8,2004,10,1,PIRU,9.1,AS
CFR,A,16,8,2004,11,1,PIRU,18,AS
CFR,A,16,8,2004,12,1,PIRU,24.4,AS
CFR,A,16,8,2004,12,1,TSCA,43,AS
CFR,A,16,8,2004,13,1,PIRU,15.3,AS
CFR,A,16,8,2004,14,1,PIRU,15.2,AS
CFR,A,16,8,2004,15,1,PIRU,10.1,AS
CFR,A,16,8,2004,16,1,TSCA,46.4,AS
CFR,A,16,8,2004,17,1,PIRU,10.4,DS
CFR,A,16,8,2004,19,1,PIRU,39.9,AS
CFR,A,16,8,2004,20,1,PIRU,17.4,AS
CFR,A,16,8,2004,21,1,PIRU,19.7,AS
CFR,A,16,8,2004,22,1,PIST,15.8,AS
CFR,A,16,8,2004,23,1,TSCA,13.2,DS
CFR,A,16,8,2004,24,1,PIRU,22.2,AS
CFR,A,16,8,2004,25,1,PIRU,18.9,DS
CFR,A,16,8,2004,26,1,PIRU,24.6,DS
CFR,A,16,8,2004,27,1,PIRU,22.35,AS
CFR,A,16,8,2004,28,1,TSCA,23.3,AS
CFR,A,16,8,2004,29,1,TSCA,11.9,DS
CFR,A,16,8,2004,30,1,PIRU,9.5,DS
CFR,A,16,8,2004,31,1,PIRU,28.2,DS
CFR,A,16,8,2004,32,1,PIRU,21.8,DS
CFR,A,16,8,2004,33,1,TSCA,27.6,AS
CFR,A,16,8,2004,34,3,BEPA,17.8,AS
CFR,A,16,8,2004,34,2,BEPA,19.7,AS
CFR,A,16,8,2004,34,1,BEPA,22.7,AS
CFR,A,16,8,2004,35,1,TSCA,24.5,AS
CFR,A,16,8,2004,36,1,PIRU,19.6,AS
CFR,A,16,8,2004,37,1,TSCA,20.7,AS
CFR,A,16,8,2004,38,1,PIRU,15.4,AS
CFR,A,16,8,2004,39,1,PIRU,18.3,DS
CFR,A,16,8,2004,40,1,TSCA,29.8,AS
CFR,A,16,8,2004,41,1,PIRU,15.85,AS
CFR,A,16,8,2004,43,1,PIRU,21.5,AS
CFR,A,16,8,2004,44,1,PIRU,23.2,DF
CFR,A,16,8,2004,45,1,PIRU,27.2,DS
CFR,A,16,8,2004,46,1,PIRU,12.7,AS
CFR,A,16,8,2004,47,1,TSCA,13.4,AS
CFR,A,16,8,2004,48,1,PIRU,20.3,DS
CFR,A,16,8,2004,49,1,PIRU,15.8,DS
CFR,A,16,8,2004,51,1,PIRU,10.6,AS
CFR,B,17,8,2004,1,1,FAGR,10.1,AS
CFR,B,17,8,2004,2,2,TSCA,10.4,DS
CFR,B,17,8,2004,2,1,TSCA,12.5,DS
CFR,B,17,8,2004,3,1,ACRU,25.02,AS
CFR,B,17,8,2004,4,1,TSCA,16.6,DS
CFR,B,17,8,2004,5,1,TSCA,46.7,DS
CFR,B,17,8,2004,6,1,TSCA,76.8,AS
CFR,B,17,8,2004,7,1,FAGR,10.3,AS
CFR,B,17,8,2004,8,1,TSCA,56.8,DF
CFR,B,17,8,2004,9,1,TSCA,66.4,AS
CFR,B,17,8,2004,10,1,FAGR,10,AS
CFR,B,17,8,2004,11,1,FAGR,12,AS
CFR,B,17,8,2004,12,1,TSCA,74.8,AS
CFR,B,17,8,2004,13,1,QURU,33.2,AS
CFR,B,17,8,2004,14,1,TSCA,13.2,DS
CFR,B,17,8,2004,15,1,FAGR,16.1,AS
CFR,B,17,8,2004,16,1,TSCA,9.8,DS
CFR,B,17,8,2004,17,1,TSCA,16.2,DS
CL,A,18,8,2004,1,1,ACRU,28.1,AS
CL,A,18,8,2004,2,2,ACRU,23.8,AS
CL,A,18,8,2004,2,1,ACRU,29.4,AS
CL,A,18,8,2004,3,1,ABBA,10.7,DS
CL,A,18,8,2004,4,1,ABBA,11.4,AS
CL,A,18,8,2004,5,1,ACRU,17.4,DF
CL,A,18,8,2004,6,1,ABBA,10.4,DS
CL,A,18,8,2004,7,1,ACRU,39.8,AS
CL,A,18,8,2004,8,1,ABBA,15.1,AS
CL,A,18,8,2004,9,1,PIST,14.6,AS
CL,A,18,8,2004,10,1,ACRU,9,DS
CL,A,18,8,2004,11,1,ACRU,10.5,AS
CL,A,18,8,2004,12,1,BECO,33.1,AS
CL,A,18,8,2004,13,1,BECO,22,AS
CL,A,18,8,2004,14,1,ACRU,46.2,AS
CL,A,18,8,2004,15,1,BECO,28.1,AS
CL,A,18,8,2004,16,1,ABBA,9,AS
CL,A,18,8,2004,17,1,BECO,26,AS
CL,A,18,8,2004,18,1,ABBA,9.1,AS
CL,A,18,8,2004,19,2,ACRU,19.9,AS
CL,A,18,8,2004,19,1,ACRU,33.9,AS
CL,A,18,8,2004,20,1,ACRU,26.6,DL
CL,A,18,8,2004,21,1,ABBA,11.6,DS
CL,A,18,8,2004,22,1,ACRU,10.8,AS
CL,A,18,8,2004,23,1,ACRU,22,AS
CL,A,18,8,2004,23,2,ACRU,9.1,DS
CL,A,18,8,2004,24,1,ACRU,12.9,DS
CL,A,18,8,2004,25,1,ACRU,29.2,AS
CL,A,18,8,2004,26,1,ABBA,9.4,AS
CL,A,18,8,2004,27,1,ACRU,10.5,AS
CL,A,18,8,2004,28,1,FAGR,10.2,DS
CL,A,18,8,2004,29,1,BECO,13.1,AS
CL,A,18,8,2004,30,1,ACRU,20.7,DS
CL,A,18,8,2004,30,1,ACRU,34,AS
CL,A,18,8,2004,32,1,BECO,30.1,AS
CL,B,18,8,2004,1,1,BEAL,37.2,AS
CL,B,18,8,2004,2,1,FAGR,34.1,AS
CL,B,18,8,2004,3,1,BEAL,35,AS
CL,B,18,8,2004,4,1,FAGR,9.1,AS
CL,B,18,8,2004,5,1,ACRU,36,AS
CL,B,18,8,2004,6,1,FAGR,25.2,AS
CL,B,18,8,2004,7,1,ACRU,48.5,AS
CL,B,18,8,2004,8,1,FAGR,19.1,AS
CL,B,18,8,2004,9,1,BEPA,31.4,DS
CL,B,18,8,2004,10,1,FAGR,19.4,AS
CL,B,18,8,2004,11,1,BEAL,80,AS
CL,B,18,8,2004,12,1,FAGR,12.2,AS
CL,B,18,8,2004,13,2,ACRU,16.8,AS
CL,B,18,8,2004,13,1,ACRU,42.1,AS
CL,B,18,8,2004,14,1,ACRU,47.5,AS
CL,B,18,8,2004,15,1,FAGR,26.9,AS
CL,B,18,8,2004,16,1,FAGR,18.2,DF
CLT,A,12,8,2004,1,1,ACRU,14.3,AS
CLT,A,12,8,2004,2,1,ACRU,14.15,AS
CLT,A,12,8,2004,3,1,BEPA,19.45,AS
CLT,A,12,8,2004,4,1,PIST,12.3,AS
CLT,A,12,8,2004,5,1,ACRU,21,DS
CLT,A,12,8,2004,6,1,ACRU,15.35,AS
CLT,A,12,8,2004,7,1,ACRU,21.6,AS
CLT,A,12,8,2004,8,1,BEPA,18.4,AS
CLT,A,12,8,2004,9,1,BEPA,22.9,AS
CLT,A,12,8,2004,10,3,BEPA,12.85,DS
CLT,A,12,8,2004,10,2,BEPA,23.9,AS
CLT,A,12,8,2004,10,1,BEPA,25.4,AS
CLT,A,12,8,2004,11,1,BEPA,28.4,AS
CLT,A,12,8,2004,12,1,ACRU,14,DS
CLT,A,12,8,2004,13,1,ACRU,12.3,DL
CLT,A,12,8,2004,14,1,BEPA,19.2,AS
CLT,A,12,8,2004,15,1,BEPA,21.15,AS
CLT,A,12,8,2004,16,1,QURU,29.7,AS
CLT,A,12,8,2004,17,1,PIST,54.2,AS
CLT,A,12,8,2004,18,1,ACRU,12.2,AS
CLT,A,12,8,2004,19,1,ACRU,13.5,AS
CLT,A,12,8,2004,20,1,PIST,10.8,AS
CLT,A,12,8,2004,21,1,ACRU,11.4,AS
CLT,A,13,8,2004,22,1,ACRU,10.7,AS
CLT,A,13,8,2004,23,1,ACRU,9,DS
CLT,A,13,8,2004,24,1,QURU,19.9,AS
CLT,A,13,8,2004,25,1,ACRU,16.4,DF
CLT,A,13,8,2004,26,1,ACRU,9.25,AS
CLT,A,13,8,2004,27,1,PIST,14.3,AS
CLT,A,13,8,2004,28,1,PIRU,21.5,DL
CLT,A,13,8,2004,29,1,QURU,24.5,AS
CLT,A,13,8,2004,29,2,QURU,12.5,DS
CLT,A,13,8,2004,30,1,QURU,17.2,AS
CLT,A,13,8,2004,31,1,ACRU,9.4,AS
CLT,A,13,8,2004,32,1,ACRU,14.9,AS
CLT,A,13,8,2004,33,1,ACRU,14.8,AS
CLT,A,13,8,2004,34,1,PIST,9.8,AS
CLT,A,13,8,2004,35,1,ABBA,18.8,AS
CLT,A,13,8,2004,36,1,QURU,28.4,AS
CLT,A,13,8,2004,36,2,QURU,11.65,DS
CLT,A,13,8,2004,37,1,ACRU,9.2,AS
CLT,A,13,8,2004,38,1,PIST,12,AS
CLT,A,13,8,2004,39,1,ACRU,14.9,AS
CLT,A,13,8,2004,40,1,QURU,30.2,AS
CLT,A,13,8,2004,41,1,PIRU,11.4,AS
CLT,A,13,8,2004,42,1,PIST,14,DS
CLT,A,13,8,2004,43,1,ACRU,12.1,DS
CLT,A,13,8,2004,44,1,ACRU,13.1,AS
CLT,A,13,8,2004,45,1,PIST,21.7,DS
CLT,B,15,8,2004,1,1,QURU,25,DS
CLT,B,15,8,2004,2,1,PIST,11.9,AS
CLT,B,15,8,2004,3,1,ACRU,9.8,DL
CLT,B,15,8,2004,3,1,PIRU,20.3,DS
CLT,B,15,8,2004,4,1,BEPA,23.2,AS
CLT,B,15,8,2004,5,1,POTR,57.4,AS
CLT,B,15,8,2004,6,1,PIST,12.9,AS
CLT,B,15,8,2004,8,1,BEPA,17.1,DS
CLT,B,15,8,2004,9,1,ACRU,19,AS
CLT,B,15,8,2004,10,1,ACRU,10.2,DS
CLT,B,15,8,2004,10,1,ABBA,13,AS
CLT,B,15,8,2004,11,1,ACRU,9.6,DS
CLT,B,15,8,2004,11,1,BEPA,27.5,AS
CLT,B,15,8,2004,12,1,ACRU,21.4,AS
CLT,B,15,8,2004,13,1,ACRU,19,AS
CLT,B,15,8,2004,16,1,QURU,25.6,AS
CLT,B,15,8,2004,17,1,QURU,27.9,AS
CLT,B,15,8,2004,18,1,ACRU,10,AS
CLT,B,15,8,2004,20,1,QURU,22.7,AS
CLT,B,15,8,2004,21,1,BEPA,36.7,AS
CLT,B,15,8,2004,22,1,ACRU,17,AS
CLT,B,15,8,2004,24,2,ACRU,11,AS
CLT,B,15,8,2004,25,1,ACRU,18.1,AS
CLT,B,15,8,2004,26,2,BEPA,28.5,AS
CLT,B,15,8,2004,26,1,BEPA,29.7,AS
CLT,B,15,8,2004,27,1,ACRU,16.2,AS
CLT,B,15,8,2004,28,1,BEPA,26.9,AS
CLT,B,15,8,2004,29,1,PIST,11.4,AS
CLT,B,15,8,2004,30,1,ACRU,21,AS
CLT,B,15,8,2004,31,1,PIST,17.8,AS
CLT,B,15,8,2004,32,1,BEPA,29,AS
CLT,B,15,8,2004,40,1,ACRU,21.8,AS
CLT,B,15,8,2004,41,1,ACRU,13.5,AS
CLT,B,15,8,2004,42,1,PIST,15.6,AS
NCL,A,24,8,2004,1,1,TSCA,15.7,AS
NCL,A,24,8,2004,2,1,TSCA,23.7,AS
NCL,A,24,8,2004,3,1,TSCA,12,AS
NCL,A,24,8,2004,4,1,TSCA,20.01,AS
NCL,A,24,8,2004,5,1,TSCA,10.3,AS
NCL,A,24,8,2004,6,1,TSCA,34.8,AS
NCL,A,24,8,2004,7,1,ACRU,25.7,AS
NCL,A,24,8,2004,8,1,PIRU,11.5,DS
NCL,A,24,8,2004,9,1,ACRU,26.4,AS
NCL,A,24,8,2004,10,1,ACRU,11.5,AS
NCL,A,24,8,2004,11,1,ACRU,13.4,AS
NCL,A,24,8,2004,12,1,PIST,27.8,AS
NCL,A,24,8,2004,13,1,TSCA,24,AS
NCL,A,24,8,2004,14,1,TSCA,16.6,DS
NCL,A,24,8,2004,15,1,PIRU,12.7,DF
NCL,A,24,8,2004,16,1,TSCA,31.9,AS
NCL,A,24,8,2004,17,1,TSCA,37.6,AS
NCL,A,24,8,2004,18,1,TSCA,23,AS
NCL,A,24,8,2004,19,1,TSCA,10.5,DS
NCL,A,24,8,2004,20,1,TSCA,13.1,DS
NCL,A,24,8,2004,21,1,TSCA,21.6,AS
NCL,A,24,8,2004,22,1,BEPA,18.2,AS
NCL,A,24,8,2004,23,1,TSCA,14.21,AS
NCL,A,24,8,2004,24,1,BEPA,22.8,AS
NCL,A,24,8,2004,25,1,BEPA,20,AS
NCL,A,24,8,2004,26,1,BEPA,21.3,AS
NCL,A,24,8,2004,27,1,BEPA,21.5,AS
NCL,A,24,8,2004,28,1,TSCA,47.5,AS
NCL,A,24,8,2004,29,1,TSCA,11.7,AS
NCL,A,24,8,2004,30,1,TSCA,27.9,AS
NCL,A,24,8,2004,31,1,TSCA,35.5,AS
NCL,A,24,8,2004,32,1,TSCA,40.6,AS
NCL,A,24,8,2004,33,1,TSCA,40.4,AS
NCL,A,24,8,2004,34,1,TSCA,9.6,AS
NCL,A,24,8,2004,35,1,PIRU,18,AS
NCL,A,24,8,2004,36,1,PIRU,11.7,AS
NCL,A,24,8,2004,37,1,PIRU,12,AS
NCL,A,24,8,2004,38,1,PIST,10,AS
NCL,A,24,8,2004,39,1,TSCA,11.9,AS
NCL,A,24,8,2004,40,1,TSCA,17,DF
NCL,B,18,8,2004,1,1,TSCA,21.1,AS
NCL,B,18,8,2004,2,1,POGR,24.7,AS
NCL,B,18,8,2004,3,2,ACRU,15.4,AS
NCL,B,18,8,2004,3,1,ACRU,18.2,AS
NCL,B,18,8,2004,4,1,ACRU,16,AS
NCL,B,18,8,2004,5,1,PIRU,31,AS
NCL,B,18,8,2004,6,1,POGR,37.4,AS
NCL,B,18,8,2004,7,1,TSCA,24.3,AS
NCL,B,18,8,2004,8,1,TSCA,9.9,AS
NCL,B,18,8,2004,9,1,TSCA,9.5,DS
NCL,B,18,8,2004,10,1,TSCA,12.4,AS
NCL,B,18,8,2004,11,1,TSCA,11.6,DS
NCL,B,18,8,2004,12,1,TSCA,26.8,AS
NCL,B,18,8,2004,13,1,POGR,31.5,AS
NCL,B,18,8,2004,14,1,TSCA,19,AS
NCL,B,18,8,2004,15,1,POGR,28.7,AS
NCL,B,18,8,2004,16,1,TSCA,17.2,AS
NCL,B,18,8,2004,17,1,TSCA,12.1,AS
NCL,B,18,8,2004,18,1,TSCA,12.4,AS
NCL,B,18,8,2004,19,1,TSCA,16.2,AS
NCL,B,18,8,2004,20,1,TSCA,38.6,AS
NCL,B,18,8,2004,21,1,BEPA,18.15,AS
NCL,B,18,8,2004,22,1,TSCA,9,AL
NCL,B,18,8,2004,23,1,TSCA,10.5,AS
NCL,B,18,8,2004,24,1,TSCA,11.3,AS
NCL,B,18,8,2004,25,1,TSCA,10,AS
NCL,B,18,8,2004,26,1,TSCA,17.2,AS
NCL,B,18,8,2004,27,1,BEPA,21.6,AS
NCL,B,18,8,2004,28,1,BEPA,18.2,AS
NCL,B,18,8,2004,29,1,TSCA,16.9,AS
NCL,B,18,8,2004,30,1,BEPA,29.2,DS
NCL,B,18,8,2004,31,1,TSCA,12.2,AS
NCL,B,18,8,2004,32,1,TSCA,10.8,AS
NCL,B,18,8,2004,33,1,BEPA,10,DS
NCL,B,18,8,2004,34,1,TSCA,28.5,AS
NCL,B,18,8,2004,35,1,TSCA,41.3,AS
NCL,B,18,8,2004,36,1,BEPA,21.8,AS
NCL,B,18,8,2004,37,1,PIRU,14.3,AS
NCL,B,18,8,2004,38,1,TSCA,16.5,AS
NCL,B,18,8,2004,39,1,TSCA,21.3,AS
NCL,B,18,8,2004,40,1,TSCA,14.2,AS
NCL,B,18,8,2004,41,1,BEPA,23,AS
NCL,B,18,8,2004,42,1,TSCA,16.2,AS
NCL,B,18,8,2004,43,1,PIRU,19.8,AS
NCL,B,18,8,2004,44,1,TSCA,10.5,DL
NCL,B,18,8,2004,45,1,PIRU,15.1,AS
NCL,B,18,8,2004,46,1,TSCA,11.9,AS
NCL,B,18,8,2004,47,1,BEPA,9.3,DS
NCL,B,18,8,2004,48,1,TSCA,13.7,AS
NCL,B,18,8,2004,49,1,BEPA,11.5,AS
NCL,B,18,8,2004,50,1,TSCA,15.8,AS
NCL,B,18,8,2004,51,1,TSCA,15.2,AS
NCL,B,18,8,2004,52,1,BEPA,9.4,AS
NCL,B,18,8,2004,53,1,PIRU,11.3,AS
NCL,B,18,8,2004,54,1,TSCA,17.7,AS
NCL,B,18,8,2004,55,1,TSCA,13,AS
NCL,B,18,8,2004,56,1,TSCA,10.8,AS
NCL,B,18,8,2004,57,1,PIRU,12.2,DL
NCL,B,18,8,2004,58,1,BEPA,18.5,AS
NCL,B,18,8,2004,59,1,PIRU,10.5,AS
NCL,B,18,8,2004,60,1,TSCA,14.7,AS
NCL,B,18,8,2004,61,1,TSCA,14,AS
NCL,B,18,8,2004,62,1,TSCA,12.8,AS
NCL,B,18,8,2004,63,1,PIST,49.3,AS
NCL,B,18,8,2004,64,1,TSCA,25.4,AS
NCL,B,18,8,2004,65,1,TSCA,11.7,AS
NCL,B,18,8,2004,66,1,TSCA,17.6,AS
NCL,B,18,8,2004,67,1,TSCA,19.1,AS
NCL,B,18,8,2004,68,1,POGR,40.4,AL
NCL,B,18,8,2004,69,1,PIRU,17.6,AS
NCL,B,18,8,2004,70,1,TSCA,26.1,AS
NCL,B,18,8,2004,71,1,TSCA,11.8,AS
NCL,B,18,8,2004,72,1,TSCA,10.3,AS
NCL,B,18,8,2004,73,1,ACRU,36.8,AS
NCL,B,18,8,2004,74,1,ACRU,25.3,AS
NCL,B,18,8,2004,75,1,POGR,29,DS
NCL,B,18,8,2004,76,1,PIRU,23.5,AS
NCL,B,18,8,2004,77,1,POGR,36.1,AS
NCL,B,18,8,2004,78,1,TSCA,14.3,DS
NCL,B,18,8,2004,79,1,TSCA,16.5,AS
NCL,B,18,8,2004,80,1,POGR,21.3,DS
NCL,B,18,8,2004,81,1,POGR,32.2,AS
PL,A,26,8,2004,1,1,ACRU,13.8,AS
PL,A,26,8,2004,2,1,TSCA,22,AS
PL,A,26,8,2004,3,1,BEPA,21.9,AS
PL,A,26,8,2004,4,1,ACRU,9.9,AS
PL,A,26,8,2004,5,1,TSCA,11.9,AS
PL,A,26,8,2004,6,1,ACRU,17.9,AS
PL,A,26,8,2004,7,1,TSCA,15.1,AS
PL,A,26,8,2004,8,1,TSCA,9.6,AS
PL,A,26,8,2004,9,1,TSCA,15,AS
PL,A,26,8,2004,10,1,ACRU,10.4,AS
PL,A,26,8,2004,11,1,TSCA,18.6,AS
PL,A,26,8,2004,12,1,TSCA,10.5,AS
PL,A,26,8,2004,13,1,QURU,22.4,AS
PL,A,26,8,2004,14,1,TSCA,10.9,AS
PL,A,26,8,2004,15,1,TSCA,11.8,AS
PL,A,26,8,2004,16,1,PIST,15.2,AS
PL,A,26,8,2004,17,1,ABBA,12.7,AS
PL,A,26,8,2004,18,1,ACRU,18.2,AS
PL,A,26,8,2004,19,1,BEPA,17.2,AS
PL,A,26,8,2004,20,1,BEPA,15.8,AS
PL,A,26,8,2004,21,1,ACRU,13.1,AS
PL,A,26,8,2004,22,1,ACRU,11.1,AS
PL,A,26,8,2004,23,1,ACRU,18,DS
PL,A,26,8,2004,24,1,QURU,11.5,AS
PL,A,26,8,2004,25,1,PIST,30.3,AS
PL,A,26,8,2004,26,1,PIST,27.6,AS
PL,A,26,8,2004,27,1,TSCA,11.1,AS
PL,A,26,8,2004,28,1,TSCA,14.8,AS
PL,A,26,8,2004,29,1,PIST,54.5,AS
PL,A,26,8,2004,30,1,TSCA,14,AS
PL,A,26,8,2004,31,1,PIST,10.1,AS
PL,A,26,8,2004,32,1,QURU,25.8,AS
PL,A,26,8,2004,33,1,ACRU,11.1,AS
PL,A,26,8,2004,34,1,ACRU,18,AS
PL,A,26,8,2004,35,1,PIST,10,AS
PL,A,26,8,2004,36,1,QURU,23.7,AS
PL,A,26,8,2004,37,1,ACRU,17.3,AS
PL,A,26,8,2004,38,1,TSCA,15,AS
PL,A,26,8,2004,39,1,PIST,11.9,AS
PL,A,26,8,2004,40,1,ACRU,14.2,AS
PL,A,26,8,2004,41,1,BEPA,22.1,AS
PL,A,26,8,2004,42,1,TSCA,24,AS
PL,A,26,8,2004,43,1,BEPA,19.4,AS
PL,A,26,8,2004,44,1,PIST,10.4,AS
PL,A,26,8,2004,45,1,QURU,25.1,AS
PL,A,26,8,2004,46,1,BEPA,14.3,AS
PL,A,26,8,2004,47,1,QURU,14.4,AS
PL,A,26,8,2004,48,1,PIST,15.7,AS
PL,A,26,8,2004,49,1,ACRU,14.5,AS
PL,A,26,8,2004,50,1,ACRU,12.7,AS
PL,A,26,8,2004,51,1,POGR,13.7,AS
PL,A,26,8,2004,52,1,TSCA,13.4,AS
PL,A,26,8,2004,53,1,ACRU,10,AS
PL,A,26,8,2004,54,1,TSCA,9.6,AS
PL,A,26,8,2004,55,1,BEPA,16.75,AS
PL,A,26,8,2004,56,1,BEPA,16.3,AS
PL,A,26,8,2004,57,1,ACRU,10.7,AS
PL,A,26,8,2004,58,1,QURU,17.2,AS
PL,A,26,8,2004,59,1,ACRU,12.5,AS
PL,A,26,8,2004,60,1,ACRU,15.6,AS
PL,A,26,8,2004,61,1,BEPA,18.2,DF
PL,A,26,8,2004,62,1,TSCA,13.8,AS
PL,A,26,8,2004,63,1,TSCA,10.1,AS
PL,A,26,8,2004,64,1,ACRU,11.4,AS
PL,A,26,8,2004,65,1,TSCA,10.5,AS
PL,B,25,8,2004,1,1,QURU,11.6,DS
PL,B,25,8,2004,2,1,QURU,16.9,AS
PL,B,25,8,2004,3,1,QURU,26.3,AS
PL,B,25,8,2004,4,1,POGR,19.7,AS
PL,B,25,8,2004,5,1,POGR,16,AS
PL,B,25,8,2004,6,1,ACRU,9.5,DS
PL,B,25,8,2004,7,1,ACRU,10.7,AS
PL,B,25,8,2004,8,1,ACRU,10.5,AS
PL,B,25,8,2004,9,1,ACRU,11.9,AS
PL,B,25,8,2004,10,1,POGR,25.4,AS
PL,B,25,8,2004,11,1,PIST,14.8,AS
PL,B,25,8,2004,12,1,POGR,26.1,AS
PL,B,25,8,2004,13,1,POGR,21.1,DL
PL,B,25,8,2004,14,1,PIST,18,AS
PL,B,25,8,2004,15,1,PIST,27.1,AS
PL,B,25,8,2004,16,1,PIST,26.4,AS
PL,B,25,8,2004,17,1,BEPA,9,DS
PL,B,25,8,2004,18,1,POGR,21.8,AS
PL,B,25,8,2004,19,1,POGR,24,AS
PL,B,25,8,2004,20,1,BEPA,23.7,AS
PL,B,25,8,2004,21,1,PIST,33.2,AS
PL,B,25,8,2004,22,1,BEPA,16.1,AS
PL,B,25,8,2004,23,1,QURU,20.6,AS
PL,B,25,8,2004,24,1,QURU,11.9,DS
PL,B,25,8,2004,25,1,QURU,26.6,AS
PL,B,25,8,2004,26,1,PIST,17.3,AS
PL,B,25,8,2004,27,1,PIST,10,AS
PL,B,25,8,2004,28,1,BEPA,12.9,AS
PL,B,25,8,2004,28,1,BEPA,16.6,AS
PL,B,25,8,2004,29,1,BEPA,12.3,DS
PL,B,25,8,2004,30,1,BEPA,20.9,AS
PL,B,25,8,2004,31,1,PIST,10.2,AS
PL,B,25,8,2004,32,1,PIST,11.2,AS
PL,B,25,8,2004,33,1,PIST,18.9,AS
PL,B,25,8,2004,34,1,QURU,29.6,DS
PL,B,25,8,2004,35,1,QURU,25,DS
PL,B,25,8,2004,36,1,PIST,17.3,AS
PL,B,25,8,2004,37,1,QURU,11.1,DS
PL,B,25,8,2004,38,1,PIST,19.4,AS
PL,B,25,8,2004,39,1,PIST,22.4,AS
PL,B,25,8,2004,40,1,PIST,11.6,AS
PL,B,25,8,2004,41,1,PIST,31.6,AS
PL,B,25,8,2004,42,1,POGR,24.5,AS
PL,B,25,8,2004,43,1,BEPA,14.7,AS
PL,B,25,8,2004,44,1,POGR,20.7,AS
PL,B,25,8,2004,45,1,PIST,10.7,AS
PL,B,25,8,2004,46,1,BEPA,17.1,DS
PL,B,25,8,2004,48,1,QURU,22.8,AS
PL,B,25,8,2004,49,1,QURU,18.6,AS
PL,B,25,8,2004,50,1,QURU,20.7,AS
PL,B,25,8,2004,51,1,ACRU,20,AS
PL,B,25,8,2004,52,1,PIST,31,AS
PL,B,25,8,2004,53,1,PIST,37,AS
PL,B,25,8,2004,54,1,BEPA,18.2,AS
PL,B,25,8,2004,55,1,BEPA,14.1,DS
BD,A,10,11,2009,1,1,TSCA,16.4,AS
BD,A,10,11,2009,2,1,TSCA,25.8,AS
BD,A,10,11,2009,3,1,TSCA,na,DB
BD,A,10,11,2009,4,1,ACRU,37.5,AS
BD,A,10,11,2009,5,1,TSCA,na,DF
BD,A,10,11,2009,6,1,TSCA,30.5,AS
BD,A,10,11,2009,7,1,ACRU,31.2,AS
BD,A,10,11,2009,8,1,TSCA,na,NF
BD,A,10,11,2009,9,1,TSCA,32.2,AS
BD,A,10,11,2009,10,1,TSCA,11.5,AL
BD,A,10,11,2009,11,1,TSCA,45.4,AS
BD,A,10,11,2009,12,1,TSCA,17.1,DL
BD,A,10,11,2009,13,1,TSCA,69.7,AS
BD,A,10,11,2009,14,1,TSCA,32.1,AS
BD,A,10,11,2009,15,1,ACRU,43.2,AS
BD,A,10,11,2009,16,1,ACRU,19.1,AS
BD,A,10,11,2009,17,1,TSCA,47.4,AS
BD,A,10,11,2009,18,1,TSCA,19.2,DS
BD,A,10,11,2009,19,1,TSCA,na,DF
BD,A,10,11,2009,20,1,TSCA,38.4,AS
BD,A,10,11,2009,21,1,TSCA,na,DF
BD,A,10,11,2009,22,1,TSCA,10.4,AS
BD,A,10,11,2009,23,1,TSCA,10.2,AS
BD,A,10,11,2009,24,1,BEPA,na,DS
BD,A,10,11,2009,25,1,TSCA,10.2,AS
BD,A,10,11,2009,26,1,TSCA,48.9,AS
BD,A,10,11,2009,27,1,TSCA,26.4,AS
BD,A,10,11,2009,28,1,TSCA,9.2,DS
BD,B,10,11,2009,1,1,ACRU,32.1,AS
BD,B,10,11,2009,2,1,TSCA,na,DF
BD,B,10,11,2009,3,1,PIRU,9.5,AS
BD,B,10,11,2009,4,1,ACRU,28.5,AS
BD,B,10,11,2009,5,1,TSCA,10.5,AS
BD,B,10,11,2009,6,1,TSCA,10.5,AS
BD,B,10,11,2009,7,1,PIRU,15.2,AS
BD,B,10,11,2009,8,1,TSCA,13.1,AS
BD,B,10,11,2009,9,1,TSCA,9.6,AS
BD,B,10,11,2009,10,1,PIRU,19.8,AS
BD,B,10,11,2009,11,1,ABBA,9.5,AS
BD,B,10,11,2009,12,1,PIRU,na,DL
BD,B,10,11,2009,13,1,TSCA,9.2,AS
BD,B,10,11,2009,14,1,ACRU,33.3,AS
BD,B,10,11,2009,15,1,TSCA,13.1,AS
BD,B,10,11,2009,16,1,TSCA,9.5,AS
BD,B,10,11,2009,17,1,TSCA,9.8,AS
BD,B,10,11,2009,18,1,TSCA,9.2,AS
BD,B,10,11,2009,19,1,ACRU,na,DF
BD,B,10,11,2009,20,1,TSCA,9.7,AS
BD,B,10,11,2009,21,1,PIRU,na,DB
BD,B,10,11,2009,22,1,TSCA,60.4,AS
BD,B,10,11,2009,23,1,TSCA,52.9,AS
BD,B,10,11,2009,24,1,PIRU,25.4,AS
BD,B,10,11,2009,25,1,ACRU,33.7,AS
BD,B,10,11,2009,26,1,TSCA,31.8,AS
BD,B,10,11,2009,27,1,PIST,81.3,AS
CFR,A,28,7,2009,1,1,PIRU,16.2,AS
CFR,A,28,7,2009,2,1,PIRU,18.25,AS
CFR,A,28,7,2009,3,1,PIRU,14.1,AS
CFR,A,28,7,2009,4,1,PIRU,23.9,AS
CFR,A,28,7,2009,5,1,PIRU,12.5,AS
CFR,A,28,7,2009,6,1,PIRU,11.9,AS
CFR,A,28,7,2009,7,1,PIRU,9,AS
CFR,A,28,7,2009,8,1,PIRU,9.5,AS
CFR,A,28,7,2009,9,1,TSCA,39.9,AS
CFR,A,28,7,2009,10,1,PIRU,9.3,AS
CFR,A,28,7,2009,11,1,PIRU,18.35,AS
CFR,A,28,7,2009,12,1,PIRU,26,AS
CFR,A,28,7,2009,12,1,TSCA,41.6,AS
CFR,A,28,7,2009,13,1,PIRU,15.1,DB
CFR,A,28,7,2009,14,1,PIRU,17.2,AS
CFR,A,28,7,2009,15,1,PIRU,11,AS
CFR,A,28,7,2009,16,1,TSCA,47,AS
CFR,A,28,7,2009,17,1,PIRU,10.1,AS
CFR,A,28,7,2009,19,1,PIRU,40.8,AS
CFR,A,28,7,2009,20,1,PIRU,19,AS
CFR,A,28,7,2009,21,1,PIRU,19.8,AS
CFR,A,28,7,2009,22,1,PIST,na,NF
CFR,A,28,7,2009,23,1,TSCA,13,DB
CFR,A,28,7,2009,24,1,PIRU,23.7,AS
CFR,A,28,7,2009,25,1,PIRU,18.5,DB
CFR,A,28,7,2009,26,1,PIRU,24,DB
CFR,A,28,7,2009,27,1,PIRU,23.1,AS
CFR,A,28,7,2009,28,1,TSCA,23.6,AS
CFR,A,28,7,2009,29,1,TSCA,11.6,DS
CFR,A,28,7,2009,30,1,PIRU,na,DF
CFR,A,28,7,2009,31,1,PIRU,27.9,DF
CFR,A,28,7,2009,32,1,PIRU,21.5,DB
CFR,A,28,7,2009,33,1,TSCA,28.3,AS
CFR,A,28,7,2009,34,3,BEPA,19.6,AS
CFR,A,28,7,2009,34,2,BEPA,19.8,AS
CFR,A,28,7,2009,34,1,BEPA,24.1,AS
CFR,A,28,7,2009,35,1,TSCA,22.4,AS
CFR,A,28,7,2009,36,1,PIRU,19,DS
CFR,A,28,7,2009,37,1,TSCA,21.1,AS
CFR,A,28,7,2009,38,1,PIRU,16.2,AS
CFR,A,28,7,2009,39,1,PIRU,18.3,DB
CFR,A,28,7,2009,40,1,TSCA,30.7,AS
CFR,A,28,7,2009,41,1,PIRU,15.4,DS
CFR,A,28,7,2009,43,1,PIRU,21.5,DB
CFR,A,28,7,2009,44,1,PIRU,na,DF
CFR,A,28,7,2009,45,1,PIRU,26.6,DB
CFR,A,28,7,2009,46,1,PIRU,12.5,AS
CFR,A,28,7,2009,47,1,TSCA,13.7,AS
CFR,A,28,7,2009,48,1,PIRU,19.7,DF
CFR,A,28,7,2009,49,1,PIRU,15.25,DF
CFR,A,28,7,2009,51,1,PIRU,10.6,AS
CFR,B,10,10,2009,1,1,FAGR,13.7,AS
CFR,B,10,10,2009,2,2,TSCA,7.6,DS
CFR,B,10,10,2009,2,1,TSCA,12.5,DS
CFR,B,10,10,2009,3,1,ACRU,25.2,AS
CFR,B,10,10,2009,4,1,TSCA,17,DS
CFR,B,10,10,2009,5,1,TSCA,46.5,DS
CFR,B,10,10,2009,6,1,TSCA,77.6,AS
CFR,B,10,10,2009,7,1,FAGR,14.2,AS
CFR,B,10,10,2009,8,1,TSCA,56.8,DF
CFR,B,10,10,2009,9,1,TSCA,67.7,AS
CFR,B,10,10,2009,10,1,FAGR,11.2,AS
CFR,B,10,10,2009,11,1,FAGR,14.7,AS
CFR,B,10,10,2009,12,1,TSCA,75.7,AS
CFR,B,10,10,2009,13,1,QURU,34.3,AS
CFR,B,10,10,2009,14,1,TSCA,13.4,DS
CFR,B,10,10,2009,15,1,FAGR,17.9,AS
CFR,B,10,10,2009,16,1,TSCA,9.8,DS
CFR,B,10,10,2009,17,1,TSCA,16.4,DS
CFR,B,10,10,2009,18,1,ACPE,11.4,AS
CFR,B,10,10,2009,19,1,ACPE,10.1,AS
CFR,B,10,10,2009,20,1,FAGR,13.8,AS
CL,A,21,10,2009,1,1,ACRU,27.8,AS
CL,A,21,10,2009,2,2,ACRU,23.6,AS
CL,A,21,10,2009,2,1,ACRU,29.3,AS
CL,A,21,10,2009,3,1,ABBA,na,DF
CL,A,21,10,2009,4,1,ABBA,11.4,AS
CL,A,21,10,2009,5,1,ACRU,na,NF
CL,A,21,10,2009,6,1,ABBA,na,DF
CL,A,21,10,2009,7,1,ACRU,39.6,AS
CL,A,21,10,2009,8,1,ABBA,15.3,AS
CL,A,21,10,2009,9,1,PIST,16.4,AS
CL,A,21,10,2009,10,1,ACRU,na,DS
CL,A,21,10,2009,11,1,ACRU,11.3,AS
CL,A,21,10,2009,12,1,BECO,35,AS
CL,A,21,10,2009,13,1,BECO,20.7,AS
CL,A,21,10,2009,14,1,ACRU,47,AS
CL,A,21,10,2009,15,1,BECO,29.7,AS
CL,A,21,10,2009,16,1,ABBA,9,DS
CL,A,21,10,2009,17,1,BECO,26.1,AS
CL,A,21,10,2009,18,1,ABBA,9.3,AS
CL,A,21,10,2009,19,2,ACRU,19.4,AS
CL,A,21,10,2009,19,1,ACRU,35.7,AS
CL,A,21,10,2009,20,1,ACRU,na,DF
CL,A,21,10,2009,21,1,ABBA,na,DS
CL,A,21,10,2009,22,1,ACRU,11.1,AS
CL,A,21,10,2009,23,1,ACRU,22.8,AS
CL,A,21,10,2009,23,2,ACRU,na,DS
CL,A,21,10,2009,24,1,ACRU,na,DS
CL,A,21,10,2009,25,1,ACRU,29,AS
CL,A,21,10,2009,26,1,ABBA,9.3,DS
CL,A,21,10,2009,27,1,ACRU,11.1,AS
CL,A,21,10,2009,28,1,FAGR,na,DS
CL,A,21,10,2009,29,1,BECO,13.8,AS
CL,A,21,10,2009,30,1,ACRU,na,DS
CL,A,21,10,2009,30,1,ACRU,30.8,AS
CL,A,21,10,2009,32,1,BECO,31.2,AS
CL,A,21,10,2009,33,1,FAGR,9.3,AS
CL,B,21,10,2009,1,1,BEAL,38.1,AS
CL,B,21,10,2009,2,1,FAGR,34.4,AS
CL,B,21,10,2009,3,1,BEAL,30.8,AS
CL,B,21,10,2009,4,1,FAGR,9.7,AS
CL,B,21,10,2009,5,1,ACRU,36.4,AS
CL,B,21,10,2009,6,1,FAGR,25.5,AS
CL,B,21,10,2009,7,1,ACRU,50.5,AS
CL,B,21,10,2009,8,1,FAGR,21,AS
CL,B,21,10,2009,9,1,BEPA,na,DS
CL,B,21,10,2009,10,1,FAGR,18.8,AS
CL,B,21,10,2009,11,1,BEAL,81.5,AS
CL,B,21,10,2009,12,1,FAGR,12.5,AS
CL,B,21,10,2009,13,2,ACRU,17.5,AS
CL,B,21,10,2009,13,1,ACRU,43.5,AS
CL,B,21,10,2009,14,1,ACRU,48.2,AS
CL,B,21,10,2009,15,1,FAGR,28.6,AS
CL,B,21,10,2009,16,1,FAGR,na,DF
CLT,A,14,10,2009,1,1,ACRU,13.9,AS
CLT,A,14,10,2009,2,1,ACRU,14.2,AS
CLT,A,14,10,2009,3,1,BEPA,18.8,AS
CLT,A,14,10,2009,4,1,PIST,13.5,AS
CLT,A,14,10,2009,5,1,ACRU,na,DF
CLT,A,14,10,2009,6,1,ACRU,15.5,AS
CLT,A,14,10,2009,7,1,ACRU,21.9,AS
CLT,A,14,10,2009,8,1,BEPA,18.4,AS
CLT,A,14,10,2009,9,1,BEPA,22.9,AS
CLT,A,14,10,2009,10,3,BEPA,12.5,DS
CLT,A,14,10,2009,10,2,BEPA,23.2,AS
CLT,A,14,10,2009,10,1,BEPA,25,AS
CLT,A,14,10,2009,11,1,BEPA,29,AS
CLT,A,14,10,2009,12,1,ACRU,na,DS
CLT,A,14,10,2009,13,1,ACRU,na,DF
CLT,A,14,10,2009,14,1,BEPA,18.9,DS
CLT,A,14,10,2009,15,1,BEPA,20.1,AS
CLT,A,14,10,2009,16,1,QURU,30.1,AS
CLT,A,14,10,2009,17,1,PIST,57.5,AS
CLT,A,14,10,2009,18,1,ACRU,12.5,AS
CLT,A,14,10,2009,19,1,ACRU,14.9,AS
CLT,A,14,10,2009,20,1,PIST,11.7,AS
CLT,A,14,10,2009,21,1,ACRU,11.6,AS
CLT,A,14,10,2009,22,1,ACRU,11.2,AS
CLT,A,14,10,2009,23,1,ACRU,9.6,DS
CLT,A,14,10,2009,24,1,QURU,25.6,AS
CLT,A,14,10,2009,25,1,ACRU,na,DF
CLT,A,14,10,2009,26,1,ACRU,9.9,AS
CLT,A,14,10,2009,27,1,PIST,18.2,AS
CLT,A,14,10,2009,28,1,PIRU,na,NF
CLT,A,14,10,2009,29,1,QURU,24.9,AS
CLT,A,14,10,2009,29,2,QURU,na,DS
CLT,A,14,10,2009,30,1,QURU,17.9,AS
CLT,A,14,10,2009,31,1,ACRU,10.4,DS
CLT,A,14,10,2009,32,1,ACRU,15.4,AS
CLT,A,14,10,2009,33,1,ACRU,13.9,AS
CLT,A,14,10,2009,34,1,PIST,12.1,AS
CLT,A,14,10,2009,35,1,ABBA,22.9,AS
CLT,A,14,10,2009,36,1,QURU,28.7,AS
CLT,A,14,10,2009,36,2,QURU,na,DS
CLT,A,14,10,2009,37,1,ACRU,9.8,AS
CLT,A,14,10,2009,38,1,PIST,14.9,AS
CLT,A,14,10,2009,39,1,ACRU,14.8,AS
CLT,A,14,10,2009,40,1,QURU,30.4,AS
CLT,A,14,10,2009,41,1,PIRU,14.3,AS
CLT,A,14,10,2009,42,1,PIST,na,DF
CLT,A,14,10,2009,43,1,ACRU,na,DS
CLT,A,14,10,2009,44,1,ACRU,13.9,AS
CLT,A,14,10,2009,45,1,PIST,na,DF
CLT,A,14,10,2009,46,1,ACRU,9.7,AS
CLT,A,14,10,2009,47,1,ACRU,11.4,AS
CLT,A,14,10,2009,48,1,PIST,10.9,AS
CLT,B,28,10,2009,1,1,QURU,na,DS
CLT,B,28,10,2009,2,1,PIST,14.7,AS
CLT,B,28,10,2009,3,1,ACRU,na,DF
CLT,B,28,10,2009,3,1,PIRU,na,DF
CLT,B,28,10,2009,4,1,BEPA,23.7,AS
CLT,B,28,10,2009,5,1,POTR,59.9,AS
CLT,B,28,10,2009,6,1,PIST,13.6,AS
CLT,B,28,10,2009,8,1,BEPA,na,DB
CLT,B,28,10,2009,9,1,ACRU,19.2,AS
CLT,B,28,10,2009,10,1,ACRU,na,DS
CLT,B,28,10,2009,10,1,ABBA,13.8,AS
CLT,B,28,10,2009,11,1,ACRU,na,DS
CLT,B,28,10,2009,11,1,BEPA,27,AS
CLT,B,28,10,2009,12,1,ACRU,20.8,AS
CLT,B,28,10,2009,13,1,ACRU,19.6,AS
CLT,B,28,10,2009,16,1,QURU,25.7,AS
CLT,B,28,10,2009,17,1,QURU,28.2,AS
CLT,B,28,10,2009,18,1,ACRU,9.8,AS
CLT,B,28,10,2009,20,1,QURU,22.7,AS
CLT,B,28,10,2009,21,1,BEPA,27,AS
CLT,B,28,10,2009,22,1,ACRU,17.4,AS
CLT,B,28,10,2009,24,2,ACRU,10.8,AS
CLT,B,28,10,2009,25,1,ACRU,17.7,AS
CLT,B,28,10,2009,26,2,BEPA,30,AS
CLT,B,28,10,2009,26,1,BEPA,31.1,AS
CLT,B,28,10,2009,27,1,ACRU,15.7,AS
CLT,B,28,10,2009,28,1,BEPA,26.8,AS
CLT,B,28,10,2009,29,1,PIST,13.4,AS
CLT,B,28,10,2009,30,1,ACRU,20.3,AS
CLT,B,28,10,2009,31,1,PIST,19.6,AS
CLT,B,28,10,2009,32,1,BEPA,29.8,AS
CLT,B,28,10,2009,33,1,PIST,9.7,AS
CLT,B,28,10,2009,34,1,ABBA,11.2,AS
CLT,B,28,10,2009,35,1,PIST,9.5,AS
CLT,B,28,10,2009,36,1,ABBA,9,AS
CLT,B,28,10,2009,37,1,ACRU,11.1,AS
CLT,B,28,10,2009,40,1,ACRU,21.5,AS
CLT,B,28,10,2009,41,1,ACRU,13.2,AS
CLT,B,28,10,2009,42,1,PIST,16.8,AS
NCL,A,16,10,2009,1,1,TSCA,15.1,AS
NCL,A,16,10,2009,2,1,TSCA,23.9,AS
NCL,A,16,10,2009,3,1,TSCA,12.1,AS
NCL,A,16,10,2009,4,1,TSCA,19.8,AS
NCL,A,16,10,2009,5,1,TSCA,10.7,AS
NCL,A,16,10,2009,6,1,TSCA,35.9,AS
NCL,A,16,10,2009,7,1,ACRU,26.5,AS
NCL,A,16,10,2009,8,1,PIRU,na,DF
NCL,A,16,10,2009,9,1,ACRU,26.1,DB
NCL,A,16,10,2009,10,1,ACRU,11.5,AS
NCL,A,16,10,2009,11,1,ACRU,13.5,AS
NCL,A,16,10,2009,12,1,PIST,30.3,AS
NCL,A,16,10,2009,13,1,TSCA,24.3,AS
NCL,A,16,10,2009,14,1,TSCA,na,DS
NCL,A,16,10,2009,15,1,PIRU,na,DF
NCL,A,16,10,2009,16,1,TSCA,32.4,AS
NCL,A,16,10,2009,17,1,TSCA,38.6,AS
NCL,A,16,10,2009,18,1,TSCA,23.4,AS
NCL,A,16,10,2009,19,1,TSCA,na,DS
NCL,A,16,10,2009,20,1,TSCA,na,DS
NCL,A,16,10,2009,21,1,TSCA,21.3,AS
NCL,A,16,10,2009,22,1,BEPA,18,AS
NCL,A,16,10,2009,23,1,TSCA,13.8,DS
NCL,A,16,10,2009,24,1,BEPA,22.4,AS
NCL,A,16,10,2009,25,1,BEPA,19.6,AS
NCL,A,16,10,2009,26,1,BEPA,21.4,AS
NCL,A,16,10,2009,27,1,BEPA,22.6,AS
NCL,A,16,10,2009,28,1,TSCA,47.5,AS
NCL,A,16,10,2009,29,1,TSCA,10.4,DS
NCL,A,16,10,2009,30,1,TSCA,28.3,AS
NCL,A,16,10,2009,31,1,TSCA,35.9,AS
NCL,A,16,10,2009,32,1,TSCA,42.1,AS
NCL,A,16,10,2009,33,1,TSCA,40.9,AS
NCL,A,16,10,2009,34,1,TSCA,10.2,AS
NCL,A,16,10,2009,35,1,PIRU,19.6,AS
NCL,A,16,10,2009,36,1,PIRU,10.8,DS
NCL,A,16,10,2009,37,1,PIRU,10.2,AS
NCL,A,16,10,2009,38,1,PIST,10.5,AS
NCL,A,16,10,2009,39,1,TSCA,12.9,AS
NCL,A,16,10,2009,40,1,TSCA,na,DF
NCL,B,16,10,2009,1,1,TSCA,21.1,AS
NCL,B,16,10,2009,2,1,POGR,25.5,AS
NCL,B,16,10,2009,3,2,ACRU,15.3,AS
NCL,B,16,10,2009,3,1,ACRU,18.8,AS
NCL,B,16,10,2009,4,1,ACRU,16.3,AS
NCL,B,16,10,2009,5,1,PIRU,30.9,AS
NCL,B,16,10,2009,6,1,POGR,39,AS
NCL,B,16,10,2009,7,1,TSCA,24.4,AS
NCL,B,16,10,2009,8,1,TSCA,9.5,AS
NCL,B,16,10,2009,9,1,TSCA,na,DS
NCL,B,16,10,2009,10,1,TSCA,12.3,DS
NCL,B,16,10,2009,11,1,TSCA,na,DS
NCL,B,16,10,2009,12,1,TSCA,27.6,AS
NCL,B,16,10,2009,13,1,POGR,32.9,AS
NCL,B,16,10,2009,14,1,TSCA,18.5,AS
NCL,B,16,10,2009,15,1,POGR,29.6,AS
NCL,B,16,10,2009,16,1,TSCA,17.2,AS
NCL,B,16,10,2009,17,1,TSCA,12.5,AS
NCL,B,16,10,2009,18,1,TSCA,12.7,AS
NCL,B,16,10,2009,19,1,TSCA,16.3,DS
NCL,B,16,10,2009,20,1,TSCA,39.1,AS
NCL,B,16,10,2009,21,1,BEPA,18.3,AS
NCL,B,16,10,2009,22,1,TSCA,9.2,AS
NCL,B,16,10,2009,23,1,TSCA,10.6,DS
NCL,B,16,10,2009,24,1,TSCA,11.2,AS
NCL,B,16,10,2009,25,1,TSCA,9.5,AS
NCL,B,16,10,2009,26,1,TSCA,17.1,AS
NCL,B,16,10,2009,27,1,BEPA,21.7,AS
NCL,B,16,10,2009,28,1,BEPA,18.4,AS
NCL,B,16,10,2009,29,1,TSCA,17.4,AS
NCL,B,16,10,2009,30,1,BEPA,na,DS
NCL,B,16,10,2009,31,1,TSCA,12.4,AS
NCL,B,16,10,2009,32,1,TSCA,10.1,DS
NCL,B,16,10,2009,33,1,BEPA,na,DF
NCL,B,16,10,2009,34,1,TSCA,29.4,AS
NCL,B,16,10,2009,35,1,TSCA,43.2,AS
NCL,B,16,10,2009,36,1,BEPA,21.5,AS
NCL,B,16,10,2009,37,1,PIRU,14.4,AS
NCL,B,16,10,2009,38,1,TSCA,16.8,AS
NCL,B,16,10,2009,39,1,TSCA,21.6,AS
NCL,B,16,10,2009,40,1,TSCA,13.7,DS
NCL,B,16,10,2009,41,1,BEPA,22.8,AS
NCL,B,16,10,2009,42,1,TSCA,16.3,AS
NCL,B,16,10,2009,43,1,PIRU,21,AS
NCL,B,16,10,2009,44,1,TSCA,na,DL
NCL,B,16,10,2009,45,1,PIRU,15.5,AS
NCL,B,16,10,2009,46,1,TSCA,11.8,AS
NCL,B,16,10,2009,47,1,BEPA,na,DS
NCL,B,16,10,2009,48,1,TSCA,13.4,AS
NCL,B,16,10,2009,49,1,BEPA,11.4,AS
NCL,B,16,10,2009,50,1,TSCA,16,AS
NCL,B,16,10,2009,51,1,TSCA,14.7,AS
NCL,B,16,10,2009,52,1,BEPA,na,DL
NCL,B,16,10,2009,53,1,PIRU,11.1,DS
NCL,B,16,10,2009,54,1,TSCA,18,AS
NCL,B,16,10,2009,55,1,TSCA,13.1,AS
NCL,B,16,10,2009,56,1,TSCA,10.8,AS
NCL,B,16,10,2009,57,1,PIRU,na,DL
NCL,B,16,10,2009,58,1,BEPA,19.3,AS
NCL,B,16,10,2009,59,1,PIRU,11.5,AS
NCL,B,16,10,2009,60,1,TSCA,15,AS
NCL,B,16,10,2009,61,1,TSCA,13.9,AS
NCL,B,16,10,2009,62,1,TSCA,12.5,AS
NCL,B,16,10,2009,63,1,PIST,51.1,AS
NCL,B,16,10,2009,64,1,TSCA,26.4,AS
NCL,B,16,10,2009,65,1,TSCA,11.9,AS
NCL,B,16,10,2009,66,1,TSCA,17.5,AS
NCL,B,16,10,2009,67,1,TSCA,19.1,AS
NCL,B,16,10,2009,68,1,POGR,38.1,AL
NCL,B,16,10,2009,69,1,PIRU,17.8,AS
NCL,B,16,10,2009,70,1,TSCA,27,AS
NCL,B,16,10,2009,71,1,TSCA,11.5,DS
NCL,B,16,10,2009,72,1,TSCA,10.4,AS
NCL,B,16,10,2009,73,1,ACRU,38.1,AS
NCL,B,16,10,2009,74,1,ACRU,26.7,AS
NCL,B,16,10,2009,75,1,POGR,na,DF
NCL,B,16,10,2009,76,1,PIRU,22.5,DS
NCL,B,16,10,2009,77,1,POGR,35.7,AS
NCL,B,16,10,2009,78,1,TSCA,14.2,DS
NCL,B,16,10,2009,79,1,TSCA,17,AS
NCL,B,16,10,2009,80,1,POGR,na,DS
NCL,B,16,10,2009,81,1,POGR,32.3,AS
PL,A,15,10,2009,1,1,ACRU,14.7,AS
PL,A,15,10,2009,2,1,TSCA,24.9,AS
PL,A,15,10,2009,3,1,BEPA,21.7,AS
PL,A,15,10,2009,4,1,ACRU,9.8,AS
PL,A,15,10,2009,5,1,TSCA,13.6,AS
PL,A,15,10,2009,6,1,ACRU,17,AS
PL,A,15,10,2009,7,1,TSCA,16.8,AS
PL,A,15,10,2009,8,1,TSCA,9.9,AS
PL,A,15,10,2009,9,1,TSCA,17,AS
PL,A,15,10,2009,10,1,ACRU,9.5,DS
PL,A,15,10,2009,11,1,TSCA,20,AS
PL,A,15,10,2009,12,1,TSCA,12.5,AS
PL,A,15,10,2009,13,1,QURU,23.5,AS
PL,A,15,10,2009,14,1,TSCA,12,AS
PL,A,15,10,2009,15,1,TSCA,12.8,AS
PL,A,15,10,2009,16,1,PIST,17,AS
PL,A,15,10,2009,17,1,ABBA,13,AS
PL,A,15,10,2009,18,1,ACRU,19.1,AS
PL,A,15,10,2009,19,1,BEPA,17.3,DB
PL,A,15,10,2009,20,1,BEPA,16.1,DL
PL,A,15,10,2009,21,1,ACRU,13.5,AS
PL,A,15,10,2009,22,1,ACRU,11.5,AL
PL,A,15,10,2009,23,1,ACRU,na,DL
PL,A,15,10,2009,24,1,QURU,10.9,DS
PL,A,15,10,2009,25,1,PIST,29.8,AS
PL,A,15,10,2009,26,1,PIST,30.1,AS
PL,A,15,10,2009,27,1,TSCA,12.4,AS
PL,A,15,10,2009,28,1,TSCA,15.7,AS
PL,A,15,10,2009,29,1,PIST,56.2,AS
PL,A,15,10,2009,30,1,TSCA,15.6,AS
PL,A,15,10,2009,31,1,PIST,10.1,AS
PL,A,15,10,2009,32,1,QURU,25.7,AS
PL,A,15,10,2009,33,1,ACRU,11.7,AS
PL,A,15,10,2009,34,1,ACRU,17.8,AS
PL,A,15,10,2009,35,1,PIST,9.8,AS
PL,A,15,10,2009,36,1,QURU,24.2,AS
PL,A,15,10,2009,37,1,ACRU,16.9,AS
PL,A,15,10,2009,38,1,TSCA,17.1,AS
PL,A,15,10,2009,39,1,PIST,11.5,AS
PL,A,15,10,2009,40,1,ACRU,14,AS
PL,A,15,10,2009,41,1,BEPA,21.6,AS
PL,A,15,10,2009,42,1,TSCA,26.9,AS
PL,A,15,10,2009,43,1,BEPA,19,AS
PL,A,15,10,2009,44,1,PIST,10.6,DS
PL,A,15,10,2009,45,1,QURU,24.6,DB
PL,A,15,10,2009,46,1,BEPA,13,AS
PL,A,15,10,2009,47,1,QURU,20.9,AS
PL,A,15,10,2009,48,1,PIST,16.4,AS
PL,A,15,10,2009,49,1,ACRU,14.8,AS
PL,A,15,10,2009,50,1,ACRU,12.9,AS
PL,A,15,10,2009,51,1,POGR,18,AS
PL,A,15,10,2009,52,1,TSCA,15.2,AS
PL,A,15,10,2009,53,1,ACRU,10,AS
PL,A,15,10,2009,54,1,TSCA,10.6,AB
PL,A,15,10,2009,55,1,BEPA,16.7,AS
PL,A,15,10,2009,56,1,BEPA,16.4,AS
PL,A,15,10,2009,57,1,ACRU,11.2,AS
PL,A,15,10,2009,58,1,QURU,17.9,AS
PL,A,15,10,2009,59,1,ACRU,12.8,AS
PL,A,15,10,2009,60,1,ACRU,16.1,AS
PL,A,15,10,2009,61,1,BEPA,na,DF
PL,A,15,10,2009,62,1,TSCA,16.1,AS
PL,A,15,10,2009,63,1,TSCA,10.9,AS
PL,A,15,10,2009,64,1,ACRU,11.7,AS
PL,A,15,10,2009,65,1,TSCA,12.2,AS
PL,A,15,10,2009,66,1,TSCA,10.5,AS
PL,B,15,10,2009,1,1,QURU,na,DS
PL,B,15,10,2009,2,1,QURU,17.5,DS
PL,B,15,10,2009,3,1,QURU,27.2,AS
PL,B,15,10,2009,4,1,POGR,20.4,AS
PL,B,15,10,2009,5,1,POGR,16,AS
PL,B,15,10,2009,6,1,ACRU,na,DF
PL,B,15,10,2009,7,1,ACRU,10.7,AS
PL,B,15,10,2009,8,1,ACRU,10.9,AS
PL,B,15,10,2009,9,1,ACRU,10.9,DS
PL,B,15,10,2009,10,1,POGR,25.9,AS
PL,B,15,10,2009,11,1,PIST,15.1,AS
PL,B,15,10,2009,12,1,POGR,27,AS
PL,B,15,10,2009,13,1,POGR,na,DS
PL,B,15,10,2009,14,1,PIST,19.1,AS
PL,B,15,10,2009,15,1,PIST,29.9,AS
PL,B,15,10,2009,16,1,PIST,30.4,AS
PL,B,15,10,2009,17,1,BEPA,na,DS
PL,B,15,10,2009,18,1,POGR,22.8,AS
PL,B,15,10,2009,19,1,POGR,24.1,AS
PL,B,15,10,2009,20,1,BEPA,23.1,DS
PL,B,15,10,2009,21,1,PIST,35.3,AS
PL,B,15,10,2009,22,1,BEPA,16.2,AS
PL,B,15,10,2009,23,1,QURU,20.8,AS
PL,B,15,10,2009,24,1,QURU,na,DF
PL,B,15,10,2009,25,1,QURU,25.7,AS
PL,B,15,10,2009,26,1,PIST,18.4,AS
PL,B,15,10,2009,27,1,PIST,9.6,DB
PL,B,15,10,2009,28,1,BEPA,12.4,DS
PL,B,15,10,2009,28,1,BEPA,17.4,AS
PL,B,15,10,2009,29,1,BEPA,na,DB
PL,B,15,10,2009,30,1,BEPA,19.7,AS
PL,B,15,10,2009,31,1,PIST,10.2,AS
PL,B,15,10,2009,32,1,PIST,12.8,AS
PL,B,15,10,2009,33,1,PIST,21.5,AS
PL,B,15,10,2009,34,1,QURU,na,DL
PL,B,15,10,2009,35,1,QURU,na,DF
PL,B,15,10,2009,36,1,PIST,19.8,AS
PL,B,15,10,2009,37,1,QURU,na,DL
PL,B,15,10,2009,38,1,PIST,20.3,AS
PL,B,15,10,2009,39,1,PIST,25.8,AS
PL,B,15,10,2009,40,1,PIST,11.1,AS
PL,B,15,10,2009,41,1,PIST,29.1,AS
PL,B,15,10,2009,42,1,POGR,26.6,AS
PL,B,15,10,2009,43,1,BEPA,13.5,DS
PL,B,15,10,2009,44,1,POGR,21.6,AS
PL,B,15,10,2009,45,1,PIST,9.9,AS
PL,B,15,10,2009,46,1,BEPA,na,DB
PL,B,15,10,2009,48,1,QURU,24.1,AS
PL,B,15,10,2009,49,1,QURU,19.1,AS
PL,B,15,10,2009,50,1,QURU,20.1,AS
PL,B,15,10,2009,51,1,ACRU,20.9,AS
PL,B,15,10,2009,52,1,PIST,33.4,AS
PL,B,15,10,2009,53,1,PIST,41,AS
PL,B,15,10,2009,54,1,BEPA,18.4,DS
PL,B,15,10,2009,55,1,BEPA,14.2,AS
BD,A,11,8,2014,1,1,TSCA,16.9,AS
BD,A,11,8,2014,2,1,TSCA,28,AS
BD,A,11,8,2014,4,1,ACRU,38.2,AS
BD,A,11,8,2014,6,1,TSCA,31.8,AS
BD,A,11,8,2014,7,1,ACRU,32.9,AS
BD,A,11,8,2014,8,1,TSCA,16.4,DS
BD,A,11,8,2014,9,1,TSCA,33.4,AS
BD,A,11,8,2014,10,1,TSCA,11.6,AL
BD,A,11,8,2014,11,1,TSCA,47.1,AS
BD,A,11,8,2014,12,1,TSCA,na,DF
BD,A,11,8,2014,13,1,TSCA,71,AS
BD,A,11,8,2014,14,1,TSCA,33,AS
BD,A,11,8,2014,15,1,ACRU,44.3,AS
BD,A,11,8,2014,16,1,ACRU,18.2,AS
BD,A,11,8,2014,17,1,TSCA,48.4,AS
BD,A,11,8,2014,18,1,TSCA,19.2,DS
BD,A,11,8,2014,19,1,TSCA,na,NF
BD,A,11,8,2014,20,1,TSCA,39.8,AS
BD,A,11,8,2014,21,1,TSCA,na,NF
BD,A,11,8,2014,22,1,TSCA,10.1,DF
BD,A,11,8,2014,23,1,TSCA,11,AS
BD,A,11,8,2014,24,1,BEPA,na,DF
BD,A,11,8,2014,25,1,TSCA,10.4,AS
BD,A,11,8,2014,26,1,TSCA,51,AS
BD,A,11,8,2014,27,1,TSCA,26.7,AS
BD,A,11,8,2014,28,1,TSCA,na,DS
BD,B,11,8,2014,1,1,ACRU,33.9,AS
BD,B,11,8,2014,2,1,TSCA,na,NF
BD,B,11,8,2014,3,1,PIRU,9.8,AS
BD,B,11,8,2014,4,1,ACRU,29.5,AS
BD,B,11,8,2014,5,1,TSCA,10.6,AS
BD,B,11,8,2014,6,1,TSCA,10.5,AS
BD,B,11,8,2014,7,1,PIRU,16.1,AS
BD,B,11,8,2014,8,1,TSCA,13.7,AS
BD,B,11,8,2014,9,1,TSCA,10.1,AS
BD,B,11,8,2014,10,1,PIRU,20.1,AS
BD,B,11,8,2014,11,1,ABBA,9.7,AS
BD,B,11,8,2014,12,1,PIRU,na,DF
BD,B,11,8,2014,13,1,TSCA,9.3,AS
BD,B,11,8,2014,14,1,ACRU,36.9,AS
BD,B,11,8,2014,15,1,TSCA,13.6,AS
BD,B,11,8,2014,16,1,TSCA,10.1,AS
BD,B,11,8,2014,17,1,TSCA,10.2,AS
BD,B,11,8,2014,18,1,TSCA,9.4,AS
BD,B,11,8,2014,19,1,ACRU,na,NF
BD,B,11,8,2014,20,1,TSCA,9.9,AS
BD,B,11,8,2014,21,1,PIRU,na,NF
BD,B,11,8,2014,22,1,TSCA,62.5,AS
BD,B,11,8,2014,23,1,TSCA,53.7,AS
BD,B,11,8,2014,24,1,PIRU,26.2,AS
BD,B,11,8,2014,25,1,ACRU,35.2,AS
BD,B,11,8,2014,26,1,TSCA,32.3,AS
BD,B,11,8,2014,27,1,PIST,84.1,AS
BD,B,11,8,2014,28,1,TSCA,9.7,AS
BD,B,11,8,2014,29,1,TSCA,8.9,AS
BD,B,11,8,2014,30,1,TSCA,9.3,AS
CFR,A,15,7,2014,1,1,PIRU,17,AS
CFR,A,15,7,2014,2,1,PIRU,19.8,AS
CFR,A,15,7,2014,3,1,PIRU,14.3,AS
CFR,A,15,7,2014,4,1,PIRU,25.3,AS
CFR,A,15,7,2014,5,1,PIRU,12.5,AS
CFR,A,15,7,2014,6,1,PIRU,15.3,AS
CFR,A,15,7,2014,7,1,PIRU,9,DS
CFR,A,15,7,2014,8,1,PIRU,9.7,AS
CFR,A,15,7,2014,9,1,TSCA,41.6,AS
CFR,A,15,7,2014,10,1,PIRU,9.2,AS
CFR,A,15,7,2014,11,1,PIRU,18.2,AS
CFR,A,15,7,2014,12,1,PIRU,27.3,AS
CFR,A,15,7,2014,12,1,TSCA,43.6,AS
CFR,A,15,7,2014,13,1,PIRU,15.2,DS
CFR,A,15,7,2014,14,1,PIRU,18.3,AS
CFR,A,15,7,2014,15,1,PIRU,11,AS
CFR,A,15,7,2014,16,1,TSCA,48.1,AS
CFR,A,15,7,2014,17,1,PIRU,10.2,DS
CFR,A,15,7,2014,19,1,PIRU,42.5,AS
CFR,A,15,7,2014,20,1,PIRU,18.5,AS
CFR,A,15,7,2014,21,1,PIRU,20.8,AS
CFR,A,15,7,2014,22,1,PIST,17.8,AS
CFR,A,15,7,2014,23,1,TSCA,13.1,DS
CFR,A,15,7,2014,24,1,PIRU,24.7,AS
CFR,A,15,7,2014,25,1,PIRU,na,DB
CFR,A,15,7,2014,26,1,PIRU,na,DB
CFR,A,15,7,2014,27,1,PIRU,23.7,AS
CFR,A,15,7,2014,28,1,TSCA,24,AS
CFR,A,15,7,2014,29,1,TSCA,na,DS
CFR,A,15,7,2014,30,1,PIRU,na,DF
CFR,A,15,7,2014,31,1,PIRU,na,DF
CFR,A,15,7,2014,32,1,PIRU,na,DB
CFR,A,15,7,2014,33,1,TSCA,29.5,AS
CFR,A,15,7,2014,34,3,BEPA,19.2,AS
CFR,A,15,7,2014,34,2,BEPA,19.9,AS
CFR,A,15,7,2014,34,1,BEPA,25.3,AS
CFR,A,15,7,2014,35,1,TSCA,23,AS
CFR,A,15,7,2014,36,1,PIRU,na,DS
CFR,A,15,7,2014,37,1,TSCA,23.5,AS
CFR,A,15,7,2014,38,1,PIRU,16.9,AS
CFR,A,15,7,2014,39,1,PIRU,na,DB
CFR,A,15,7,2014,40,1,TSCA,32.5,AS
CFR,A,15,7,2014,41,1,PIRU,16.2,DS
CFR,A,15,7,2014,43,1,PIRU,na,DB
CFR,A,15,7,2014,44,1,PIRU,na,DF
CFR,A,15,7,2014,45,1,PIRU,na,DB
CFR,A,15,7,2014,46,1,PIRU,13.2,AS
CFR,A,15,7,2014,47,1,TSCA,14.1,AS
CFR,A,15,7,2014,48,1,PIRU,na,DF
CFR,A,15,7,2014,49,1,PIRU,na,DF
CFR,A,15,7,2014,50,,PIRU,8.6,AS
CFR,A,15,7,2014,51,1,PIRU,10.7,AS
CFR,B,15,7,2014,1,1,FAGR,17,AS
CFR,B,15,7,2014,2,2,TSCA,na,NF
CFR,B,15,7,2014,2,1,TSCA,na,NF
CFR,B,15,7,2014,3,1,ACRU,25.5,DF
CFR,B,15,7,2014,4,1,TSCA,na,DS
CFR,B,15,7,2014,5,1,TSCA,na,NF
CFR,B,15,7,2014,6,1,TSCA,78.9,AS
CFR,B,15,7,2014,7,1,FAGR,16.6,AS
CFR,B,15,7,2014,8,1,TSCA,na,NF
CFR,B,15,7,2014,9,1,TSCA,67.7,AS
CFR,B,15,7,2014,10,1,FAGR,12.4,AS
CFR,B,15,7,2014,11,1,FAGR,17.7,AS
CFR,B,15,7,2014,12,1,TSCA,76.3,AS
CFR,B,15,7,2014,13,1,QURU,35.6,AS
CFR,B,15,7,2014,14,1,TSCA,na,DF
CFR,B,15,7,2014,15,1,FAGR,20.2,AS
CFR,B,15,7,2014,16,1,TSCA,na,NF
CFR,B,15,7,2014,17,1,TSCA,na,DS
CFR,B,15,7,2014,18,1,ACPE,14.1,AS
CFR,B,15,7,2014,19,1,ACPE,12.6,AS
CFR,B,15,7,2014,20,1,FAGR,15.7,AS
CFR,B,15,7,2014,21,,FAGR,9.4,AS
CFR,B,15,7,2014,22,,FAGR,13.3,AS
CFR,B,15,7,2014,23,,FAGR,13.9,AS
CFR,B,15,7,2014,24,,FAGR,10.1,AS
CL,A,22,7,2014,1,1,ACRU,27.7,AS
CL,A,22,7,2014,2,2,ACRU,23.2,AS
CL,A,22,7,2014,2,1,ACRU,29.6,AS
CL,A,22,7,2014,3,1,ABBA,na,DF
CL,A,22,7,2014,4,1,ABBA,11.8,AS
CL,A,22,7,2014,5,1,ACRU,na,NF
CL,A,22,7,2014,6,1,ABBA,na,DF
CL,A,22,7,2014,7,1,ACRU,41.3,AS
CL,A,22,7,2014,8,1,ABBA,na,DF
CL,A,22,7,2014,9,1,PIST,15,AS
CL,A,22,7,2014,10,1,ACRU,na,DF
CL,A,22,7,2014,11,1,ACRU,11.2,AS
CL,A,22,7,2014,12,1,BECO,37,AS
CL,A,22,7,2014,13,1,BECO,20.4,AS
CL,A,22,7,2014,14,1,ACRU,46.2,AS
CL,A,22,7,2014,15,1,BECO,31.2,AS
CL,A,22,7,2014,16,1,ABBA,na,DF
CL,A,22,7,2014,17,1,BECO,27.1,AS
CL,A,22,7,2014,18,1,ABBA,9.9,AS
CL,A,22,7,2014,19,2,ACRU,20.2,DS
CL,A,22,7,2014,19,1,ACRU,36.7,AS
CL,A,22,7,2014,20,1,ACRU,na,DF
CL,A,22,7,2014,21,1,ABBA,na,DS
CL,A,22,7,2014,22,1,ACRU,12.5,DS
CL,A,22,7,2014,23,1,ACRU,24.3,AS
CL,A,22,7,2014,23,2,ACRU,na,DF
CL,A,22,7,2014,24,1,ACRU,na,DS
CL,A,22,7,2014,25,1,ACRU,29.3,AS
CL,A,22,7,2014,26,1,ABBA,na,DF
CL,A,22,7,2014,27,1,ACRU,11,AS
CL,A,22,7,2014,28,1,FAGR,na,NF
CL,A,22,7,2014,29,1,BECO,14.2,AS
CL,A,22,7,2014,30,1,ACRU,na,DS
CL,A,22,7,2014,30,1,ACRU,32.8,AS
CL,A,22,7,2014,32,1,BECO,33.5,AS
CL,A,22,7,2014,33,1,FAGR,9.9,AS
CL,B,22,7,2014,1,1,BEAL,38.2,AS
CL,B,22,7,2014,2,1,FAGR,35.1,AS
CL,B,22,7,2014,3,1,BEAL,31.5,AS
CL,B,22,7,2014,4,1,FAGR,10.2,AS
CL,B,22,7,2014,5,1,ACRU,36.7,AS
CL,B,22,7,2014,6,1,FAGR,26.2,AS
CL,B,22,7,2014,7,1,ACRU,52.3,AS
CL,B,22,7,2014,8,1,FAGR,na,DB
CL,B,22,7,2014,9,1,BEPA,na,DB
CL,B,22,7,2014,10,1,FAGR,18.9,AS
CL,B,22,7,2014,11,1,BEAL,82.7,AS
CL,B,22,7,2014,12,1,FAGR,13,AS
CL,B,22,7,2014,13,2,ACRU,20,AS
CL,B,22,7,2014,13,1,ACRU,42.6,AS
CL,B,22,7,2014,14,1,ACRU,49.8,AS
CL,B,22,7,2014,15,1,FAGR,29.4,AS
CL,B,22,7,2014,16,1,FAGR,na,DF
CLT,A,20,10,2014,1,1,ACRU,15.6,AS
CLT,A,20,10,2014,2,1,ACRU,16.1,AS
CLT,A,20,10,2014,3,1,BEPA,19.5,AS
CLT,A,20,10,2014,4,1,PIST,13.8,AB
CLT,A,20,10,2014,5,1,ACRU,na,NF
CLT,A,20,10,2014,6,1,ACRU,16.4,AS
CLT,A,20,10,2014,7,1,ACRU,22.8,AS
CLT,A,20,10,2014,8,1,BEPA,18.5,AS
CLT,A,20,10,2014,9,1,BEPA,23.6,AS
CLT,A,20,10,2014,10,3,BEPA,13.2,DB
CLT,A,20,10,2014,10,2,BEPA,23.7,AS
CLT,A,20,10,2014,10,1,BEPA,26.1,AS
CLT,A,20,10,2014,11,1,BEPA,29.7,AS
CLT,A,20,10,2014,12,1,ACRU,na,DF
CLT,A,20,10,2014,13,1,ACRU,na,DF
CLT,A,20,10,2014,14,1,BEPA,na,DS
CLT,A,20,10,2014,15,1,BEPA,19.8,DS
CLT,A,20,10,2014,16,1,QURU,31.1,AS
CLT,A,20,10,2014,17,1,PIST,61.2,AS
CLT,A,20,10,2014,18,1,ACRU,12.6,AS
CLT,A,20,10,2014,19,1,ACRU,15.6,AS
CLT,A,20,10,2014,20,1,PIST,12.3,AS
CLT,A,20,10,2014,21,1,ACRU,12.5,AS
CLT,A,20,10,2014,22,1,ACRU,11.9,AS
CLT,A,20,10,2014,23,1,ACRU,na,DS
CLT,A,20,10,2014,24,1,QURU,25.5,AS
CLT,A,20,10,2014,25,1,ACRU,na,DF
CLT,A,20,10,2014,26,1,ACRU,10.1,AS
CLT,A,20,10,2014,27,1,PIST,24,AS
CLT,A,20,10,2014,28,1,PIRU,na,NF
CLT,A,20,10,2014,29,1,QURU,25.4,AS
CLT,A,20,10,2014,29,2,QURU,na,DS
CLT,A,20,10,2014,30,1,QURU,18.1,AS
CLT,A,20,10,2014,31,1,ACRU,na,DS
CLT,A,20,10,2014,32,1,ACRU,16,AS
CLT,A,20,10,2014,33,1,ACRU,14.3,AS
CLT,A,20,10,2014,34,1,PIST,14,AS
CLT,A,20,10,2014,35,1,ABBA,23.5,DS
CLT,A,20,10,2014,36,1,QURU,29.5,AS
CLT,A,20,10,2014,36,2,QURU,na,DS
CLT,A,20,10,2014,37,1,ACRU,9.5,AS
CLT,A,20,10,2014,38,1,PIST,18.4,AS
CLT,A,20,10,2014,39,1,ACRU,16.3,AS
CLT,A,20,10,2014,40,1,QURU,31,AS
CLT,A,20,10,2014,41,1,PIRU,16.5,AS
CLT,A,20,10,2014,42,1,PIST,na,NF
CLT,A,20,10,2014,43,1,ACRU,na,DS
CLT,A,20,10,2014,44,1,ACRU,16.8,AS
CLT,A,20,10,2014,45,1,PIST,na,NF
CLT,A,20,10,2014,46,1,ACRU,9.8,AS
CLT,A,20,10,2014,47,1,ACRU,11.2,AS
CLT,A,20,10,2014,48,1,PIST,11.8,AS
CLT,A,20,10,2014,49,1,PIST,10.1,AS
CLT,A,20,10,2014,50,1,ABBA,11.5,AS
CLT,B,20,10,2014,1,1,QURU,na,NF
CLT,B,20,10,2014,2,1,PIST,17.7,AS
CLT,B,20,10,2014,3,1,ACRU,na,NF
CLT,B,20,10,2014,3,1,PIRU,na,NF
CLT,B,20,10,2014,4,1,BEPA,24,AS
CLT,B,20,10,2014,5,1,POTR,62.8,AS
CLT,B,20,10,2014,6,1,PIST,13.4,AS
CLT,B,20,10,2014,8,1,BEPA,na,NF
CLT,B,20,10,2014,9,1,ACRU,19.4,AS
CLT,B,20,10,2014,10,1,ACRU,na,NF
CLT,B,20,10,2014,10,1,ABBA,15.2,AS
CLT,B,20,10,2014,11,1,ACRU,na,NF
CLT,B,20,10,2014,11,1,BEPA,27.5,DB
CLT,B,20,10,2014,12,1,ACRU,21.9,AS
CLT,B,20,10,2014,13,1,ACRU,19.8,AS
CLT,B,20,10,2014,16,1,QURU,26,AB
CLT,B,20,10,2014,17,1,QURU,28.6,AS
CLT,B,20,10,2014,18,1,ACRU,10,AS
CLT,B,20,10,2014,20,1,QURU,22.8,AS
CLT,B,20,10,2014,21,1,BEPA,27.2,DB
CLT,B,20,10,2014,22,1,ACRU,18.3,AS
CLT,B,20,10,2014,24,2,ACRU,11.1,AS
CLT,B,20,10,2014,25,1,ACRU,17.9,AS
CLT,B,20,10,2014,26,2,BEPA,33,AS
CLT,B,20,10,2014,26,1,BEPA,34,AS
CLT,B,20,10,2014,27,1,ACRU,17,AS
CLT,B,20,10,2014,28,1,BEPA,27.5,AS
CLT,B,20,10,2014,29,1,PIST,15.3,AS
CLT,B,20,10,2014,30,1,ACRU,22.2,AS
CLT,B,20,10,2014,31,1,PIST,20.8,AS
CLT,B,20,10,2014,32,1,BEPA,30.3,AS
CLT,B,20,10,2014,33,1,PIST,9.9,AS
CLT,B,20,10,2014,34,1,ABBA,13.2,AS
CLT,B,20,10,2014,35,1,PIST,10.1,AS
CLT,B,20,10,2014,36,1,ABBA,12.4,AS
CLT,B,20,10,2014,37,1,ACRU,15.5,AS
CLT,B,20,10,2014,38,1,PIST,10,AS
CLT,B,20,10,2014,39,1,ABBA,9.5,AS
CLT,B,20,10,2014,40,1,ACRU,22.8,AS
CLT,B,20,10,2014,41,1,ACRU,13.6,AS
CLT,B,20,10,2014,42,1,PIST,17.7,AS
NCL,A,16,10,2014,1,1,TSCA,15.2,DS
NCL,A,16,10,2014,2,1,TSCA,24,AS
NCL,A,16,10,2014,3,1,TSCA,12.2,AB
NCL,A,16,10,2014,4,1,TSCA,19.7,AS
NCL,A,16,10,2014,5,1,TSCA,10.6,DS
NCL,A,16,10,2014,6,1,TSCA,37.2,AS
NCL,A,16,10,2014,7,1,ACRU,27.2,AS
NCL,A,16,10,2014,8,1,PIRU,na,NF
NCL,A,16,10,2014,9,1,ACRU,na,DB
NCL,A,16,10,2014,10,1,ACRU,12,AS
NCL,A,16,10,2014,11,1,ACRU,13.9,AS
NCL,A,16,10,2014,12,1,PIST,32.7,AS
NCL,A,16,10,2014,13,1,TSCA,25,AS
NCL,A,16,10,2014,14,1,TSCA,na,DS
NCL,A,16,10,2014,15,1,PIRU,na,NF
NCL,A,16,10,2014,16,1,TSCA,33,AS
NCL,A,16,10,2014,17,1,TSCA,43,AS
NCL,A,16,10,2014,18,1,TSCA,23.8,AS
NCL,A,16,10,2014,19,1,TSCA,na,DF
NCL,A,16,10,2014,20,1,TSCA,na,DS
NCL,A,16,10,2014,21,1,TSCA,21.3,AS
NCL,A,16,10,2014,22,1,BEPA,18.2,AS
NCL,A,16,10,2014,23,1,TSCA,na,DS
NCL,A,16,10,2014,24,1,BEPA,22.7,AS
NCL,A,16,10,2014,25,1,BEPA,19.8,AS
NCL,A,16,10,2014,26,1,BEPA,21.4,AS
NCL,A,16,10,2014,27,1,BEPA,21.5,DS
NCL,A,16,10,2014,28,1,TSCA,48.9,AS
NCL,A,16,10,2014,29,1,TSCA,na,NF
NCL,A,16,10,2014,30,1,TSCA,29,AS
NCL,A,16,10,2014,31,1,TSCA,37.9,AS
NCL,A,16,10,2014,32,1,TSCA,43,AS
NCL,A,16,10,2014,33,1,TSCA,42.2,AS
NCL,A,16,10,2014,34,1,TSCA,10.1,AS
NCL,A,16,10,2014,35,1,PIRU,21.1,AS
NCL,A,16,10,2014,36,1,PIRU,na,DL
NCL,A,16,10,2014,37,1,PIRU,10.1,AS
NCL,A,16,10,2014,38,1,PIST,10.6,AS
NCL,A,16,10,2014,39,1,TSCA,14,AS
NCL,A,16,10,2014,40,1,TSCA,na,NF
NCL,B,2,10,2014,1,1,TSCA,21,AS
NCL,B,2,10,2014,2,1,POGR,26.1,AS
NCL,B,2,10,2014,3,2,ACRU,15.6,AS
NCL,B,2,10,2014,3,1,ACRU,18.8,AS
NCL,B,2,10,2014,4,1,ACRU,16.7,AS
NCL,B,2,10,2014,5,1,PIRU,32.2,AS
NCL,B,2,10,2014,6,1,POGR,39.5,DB
NCL,B,2,10,2014,7,1,TSCA,25.1,AS
NCL,B,2,10,2014,8,1,TSCA,9.7,DS
NCL,B,2,10,2014,9,1,TSCA,na,DS
NCL,B,2,10,2014,10,1,TSCA,na,DS
NCL,B,2,10,2014,11,1,TSCA,na,DF
NCL,B,2,10,2014,12,1,TSCA,28.4,AS
NCL,B,2,10,2014,13,1,POGR,34.3,AS
NCL,B,2,10,2014,14,1,TSCA,na,DS
NCL,B,2,10,2014,15,1,POGR,30.4,AS
NCL,B,2,10,2014,16,1,TSCA,17.6,AS
NCL,B,2,10,2014,17,1,TSCA,12.7,AS
NCL,B,2,10,2014,18,1,TSCA,na,DS
NCL,B,2,10,2014,19,1,TSCA,18.4,AS
NCL,B,2,10,2014,20,1,TSCA,40.8,AS
NCL,B,2,10,2014,21,1,BEPA,18.5,AS
NCL,B,2,10,2014,22,1,TSCA,na,DS
NCL,B,2,10,2014,23,1,TSCA,na,DF
NCL,B,2,10,2014,24,1,TSCA,11.2,AS
NCL,B,2,10,2014,25,1,TSCA,na,DS
NCL,B,2,10,2014,26,1,TSCA,17.4,AS
NCL,B,2,10,2014,27,1,BEPA,23.2,AS
NCL,B,2,10,2014,28,1,BEPA,18.5,AS
NCL,B,2,10,2014,29,1,TSCA,18.4,AS
NCL,B,2,10,2014,30,1,BEPA,na,DS
NCL,B,2,10,2014,31,1,TSCA,12.7,AS
NCL,B,2,10,2014,32,1,TSCA,na,DS
NCL,B,2,10,2014,33,1,BEPA,na,NF
NCL,B,2,10,2014,34,1,TSCA,30.9,AS
NCL,B,2,10,2014,35,1,TSCA,44.2,AS
NCL,B,2,10,2014,36,1,BEPA,21.9,AS
NCL,B,2,10,2014,37,1,PIRU,14.8,AS
NCL,B,2,10,2014,38,1,TSCA,17.6,AS
NCL,B,2,10,2014,39,1,TSCA,23,AS
NCL,B,2,10,2014,40,1,TSCA,na,DS
NCL,B,2,10,2014,41,1,BEPA,23.5,AS
NCL,B,2,10,2014,42,1,TSCA,16.8,AS
NCL,B,2,10,2014,43,1,PIRU,22,AS
NCL,B,2,10,2014,44,1,TSCA,na,NF
NCL,B,2,10,2014,45,1,PIRU,15.7,AS
NCL,B,2,10,2014,46,1,TSCA,na,DF
NCL,B,2,10,2014,47,1,BEPA,na,DF
NCL,B,2,10,2014,48,1,TSCA,13.5,AS
NCL,B,2,10,2014,49,1,BEPA,12.2,AS
NCL,B,2,10,2014,50,1,TSCA,16.6,AS
NCL,B,2,10,2014,51,1,TSCA,15.5,AS
NCL,B,2,10,2014,52,1,BEPA,na,NF
NCL,B,2,10,2014,53,1,PIRU,na,DF
NCL,B,2,10,2014,54,1,TSCA,18.6,AS
NCL,B,2,10,2014,55,1,TSCA,13.4,AS
NCL,B,2,10,2014,56,1,TSCA,10.7,AL
NCL,B,2,10,2014,57,1,PIRU,na,DL
NCL,B,2,10,2014,58,1,BEPA,19.5,AS
NCL,B,2,10,2014,59,1,PIRU,11.5,AS
NCL,B,2,10,2014,60,1,TSCA,15.8,AS
NCL,B,2,10,2014,61,1,TSCA,14,AS
NCL,B,2,10,2014,62,1,TSCA,12.9,AS
NCL,B,2,10,2014,63,1,PIST,52.2,AS
NCL,B,2,10,2014,64,1,TSCA,27.1,AS
NCL,B,2,10,2014,65,1,TSCA,na,DS
NCL,B,2,10,2014,66,1,TSCA,17.8,AS
NCL,B,2,10,2014,67,1,TSCA,19.5,AS
NCL,B,2,10,2014,68,1,POGR,na,DS
NCL,B,2,10,2014,69,1,PIRU,18.1,AS
NCL,B,2,10,2014,70,1,TSCA,27.8,AS
NCL,B,2,10,2014,71,1,TSCA,12,AS
NCL,B,2,10,2014,72,1,TSCA,10.4,AS
NCL,B,2,10,2014,73,1,ACRU,38,AS
NCL,B,2,10,2014,74,1,ACRU,26.4,AS
NCL,B,2,10,2014,75,1,POGR,na,NF
NCL,B,2,10,2014,76,1,PIRU,na,DF
NCL,B,2,10,2014,77,1,POGR,36.7,AS
NCL,B,2,10,2014,78,1,TSCA,na,DS
NCL,B,2,10,2014,79,1,TSCA,18,AS
NCL,B,2,10,2014,80,1,POGR,na,DS
NCL,B,2,10,2014,81,1,POGR,33.4,AS
PL,A,22,9,2014,1,1,ACRU,14.8,AS
PL,A,22,9,2014,2,1,TSCA,26.5,AS
PL,A,22,9,2014,3,1,BEPA,na,DF
PL,A,22,9,2014,4,1,ACRU,10.1,AS
PL,A,22,9,2014,5,1,TSCA,16.1,AS
PL,A,22,9,2014,6,1,ACRU,17,AS
PL,A,22,9,2014,7,1,TSCA,18.3,AS
PL,A,22,9,2014,8,1,TSCA,10.5,AS
PL,A,22,9,2014,9,1,TSCA,18.6,AS
PL,A,22,9,2014,10,1,ACRU,na,DS
PL,A,22,9,2014,11,1,TSCA,20.9,AS
PL,A,22,9,2014,12,1,TSCA,14.6,AS
PL,A,22,9,2014,13,1,QURU,24,AS
PL,A,22,9,2014,14,1,TSCA,13.1,AS
PL,A,22,9,2014,15,1,TSCA,14.4,AS
PL,A,22,9,2014,16,1,PIST,18.9,AS
PL,A,22,9,2014,17,1,ABBA,13.1,AS
PL,A,22,9,2014,18,1,ACRU,19.2,AS
PL,A,22,9,2014,19,1,BEPA,na,DB
PL,A,22,9,2014,20,1,BEPA,na,DF
PL,A,22,9,2014,21,1,ACRU,14.8,AS
PL,A,22,9,2014,22,1,ACRU,11.9,DL
PL,A,22,9,2014,23,1,ACRU,na,DF
PL,A,22,9,2014,24,1,QURU,na,DF
PL,A,22,9,2014,25,1,PIST,31.6,AS
PL,A,22,9,2014,26,1,PIST,33,AS
PL,A,22,9,2014,27,1,TSCA,14,AS
PL,A,22,9,2014,28,1,TSCA,16.6,AS
PL,A,22,9,2014,29,1,PIST,58.5,AS
PL,A,22,9,2014,30,1,TSCA,17.2,AS
PL,A,22,9,2014,31,1,PIST,10.1,AS
PL,A,22,9,2014,32,1,QURU,26.3,AS
PL,A,22,9,2014,33,1,ACRU,12.4,AS
PL,A,22,9,2014,34,1,ACRU,18.9,AS
PL,A,22,9,2014,35,1,PIST,9.6,DS
PL,A,22,9,2014,36,1,QURU,25.3,AS
PL,A,22,9,2014,37,1,ACRU,17.8,AS
PL,A,22,9,2014,38,1,TSCA,18.8,AS
PL,A,22,9,2014,39,1,PIST,11.5,DS
PL,A,22,9,2014,40,1,ACRU,14.1,AS
PL,A,22,9,2014,41,1,BEPA,22,AS
PL,A,22,9,2014,42,1,TSCA,29.7,AS
PL,A,22,9,2014,43,1,BEPA,19,DS
PL,A,22,9,2014,44,1,PIST,na,DS
PL,A,22,9,2014,45,1,QURU,na,DF
PL,A,22,9,2014,46,1,BEPA,13.1,AS
PL,A,22,9,2014,47,1,QURU,21.4,AS
PL,A,22,9,2014,48,1,PIST,16.4,AS
PL,A,22,9,2014,49,1,ACRU,15.1,AS
PL,A,22,9,2014,50,1,ACRU,13.5,AS
PL,A,22,9,2014,51,1,POGR,19.7,AS
PL,A,22,9,2014,52,1,TSCA,17.1,AS
PL,A,22,9,2014,53,1,ACRU,10,AS
PL,A,22,9,2014,54,1,TSCA,11.7,AB
PL,A,22,9,2014,55,1,BEPA,16.7,AS
PL,A,22,9,2014,56,1,BEPA,16.6,AS
PL,A,22,9,2014,57,1,ACRU,11,AS
PL,A,22,9,2014,58,1,QURU,18.6,AS
PL,A,22,9,2014,59,1,ACRU,13.1,AS
PL,A,22,9,2014,60,1,ACRU,16.7,AS
PL,A,22,9,2014,61,1,BEPA,na,DF
PL,A,22,9,2014,62,1,TSCA,18.6,AS
PL,A,22,9,2014,63,1,TSCA,11.4,AS
PL,A,22,9,2014,64,1,ACRU,12.4,AS
PL,A,22,9,2014,65,1,TSCA,13.8,AS
PL,A,22,9,2014,66,1,TSCA,13,AS
PL,A,22,9,2014,67,1,TSCA,9.3,AS
PL,B,1,10,2014,1,1,QURU,na,DF
PL,B,1,10,2014,2,1,QURU,17.2,DS
PL,B,1,10,2014,3,1,QURU,27.7,AS
PL,B,1,10,2014,4,1,POGR,21,AS
PL,B,1,10,2014,5,1,POGR,15.9,DB
PL,B,1,10,2014,6,1,ACRU,na,NF
PL,B,1,10,2014,7,1,ACRU,12.7,AS
PL,B,1,10,2014,8,1,ACRU,11.4,AS
PL,B,1,10,2014,9,1,ACRU,na,DS
PL,B,1,10,2014,10,1,POGR,26.3,AS
PL,B,1,10,2014,11,1,PIST,15.6,AL
PL,B,1,10,2014,12,1,POGR,29.4,AS
PL,B,1,10,2014,13,1,POGR,na,DB
PL,B,1,10,2014,14,1,PIST,20.4,AS
PL,B,1,10,2014,15,1,PIST,32.6,AS
PL,B,1,10,2014,16,1,PIST,34.2,AS
PL,B,1,10,2014,17,1,BEPA,na,DS
PL,B,1,10,2014,18,1,POGR,24.1,AS
PL,B,1,10,2014,19,1,POGR,26.5,AS
PL,B,1,10,2014,20,1,BEPA,na,DS
PL,B,1,10,2014,21,1,PIST,37.6,AS
PL,B,1,10,2014,22,1,BEPA,16.7,AS
PL,B,1,10,2014,23,1,QURU,21.6,AS
PL,B,1,10,2014,24,1,QURU,na,NF
PL,B,1,10,2014,25,1,QURU,26.1,AS
PL,B,1,10,2014,26,1,PIST,19.3,AS
PL,B,1,10,2014,27,1,PIST,na,DB
PL,B,1,10,2014,28,1,BEPA,na,DB
PL,B,1,10,2014,28,1,BEPA,17.9,AS
PL,B,1,10,2014,29,1,BEPA,na,DB
PL,B,1,10,2014,30,1,BEPA,19.8,DS
PL,B,1,10,2014,31,1,PIST,10.3,DB
PL,B,1,10,2014,32,1,PIST,14.7,AS
PL,B,1,10,2014,33,1,PIST,23.8,AS
PL,B,1,10,2014,34,1,QURU,na,DF
PL,B,1,10,2014,35,1,QURU,na,NF
PL,B,1,10,2014,36,1,PIST,22,AS
PL,B,1,10,2014,37,1,QURU,na,DF
PL,B,1,10,2014,38,1,PIST,22.2,AS
PL,B,1,10,2014,39,1,PIST,28.3,AS
PL,B,1,10,2014,40,1,PIST,11.1,AS
PL,B,1,10,2014,41,1,PIST,29.1,AS
PL,B,1,10,2014,42,1,POGR,29.3,AS
PL,B,1,10,2014,43,1,BEPA,na,DB
PL,B,1,10,2014,44,1,POGR,22.1,AS
PL,B,1,10,2014,45,1,PIST,10.1,AS
PL,B,1,10,2014,46,1,BEPA,na,DB
PL,B,1,10,2014,48,1,QURU,24.5,AS
PL,B,1,10,2014,49,1,QURU,18.8,AB
PL,B,1,10,2014,50,1,QURU,20.9,AS
PL,B,1,10,2014,51,1,ACRU,21,AS
PL,B,1,10,2014,52,1,PIST,36,AS
PL,B,1,10,2014,53,1,PIST,44.8,AS
PL,B,1,10,2014,54,1,BEPA,na,DB
PL,B,1,10,2014,55,1,BEPA,15.5,AS
PL,B,1,10,2014,56,1,ACRU,10.3,AS
